variance,skewness,curtosis,entropy,outlier_flag,cluster
1.1097092855616255,1.1518195718090043,-0.9755287443257504,0.3461323903373882,-0.2690624282473337,0
1.4326828350211014,1.066810357553484,-0.8949372419418834,-0.1407068721949378,-0.2690624282473337,0
1.195108761368069,-0.7751468641847921,0.1180149709861685,0.6115581288838418,-0.2690624282473337,0
1.052054156641563,1.2978540491555142,-1.253773968644469,-1.1633422117125063,-0.2690624282473337,0
-0.0407236856581085,-1.0848585974529998,0.7299279670043101,0.0862843139391263,-0.2690624282473337,0
1.370659893304065,1.3232528318386354,-1.2420793026834034,-0.9562061599666742,-0.2690624282473337,0
1.0990867648393838,0.1881658921833603,-0.1582472447565436,0.831096445733048,-0.2690624282473337,0
0.5752986542262123,-1.486261640823563,1.6294003185315056,0.2717140037909636,-0.2690624282473337,0
0.963509855621298,0.6562364785563979,-0.5008431774456097,0.2667502201939056,-0.2690624282473337,0
0.3808086860025356,1.2389425102609726,-0.8517640482358141,0.2078370629897889,-0.2690624282473337,0
0.272172446116188,1.1708771819027828,-0.8382897591937164,0.17372843599242,-0.2690624282473337,0
1.2384025218116796,-0.7867893934281288,0.2267337628455634,0.9743507607515244,-0.2690624282473337,0
0.5078945671433032,0.9807442811997394,-0.2911273089394527,-0.9314112216122876,-0.2690624282473337,0
-0.7067417579417172,1.5228974914256932,0.2617715367526302,-0.8476743504967,-0.2690624282473337,0
1.033674400391895,1.1620472695337514,-1.0181010263421204,0.2859770882524617,-0.2690624282473337,0
1.47831774312389,-0.903197639698622,0.4798100321611189,1.2689117508459276,-0.2690624282473337,0
0.7778603404986976,0.1969787583895171,-0.2408263781140303,0.8416378914782977,-0.2690624282473337,0
0.1250120973605261,0.1599374464630592,0.677255746203383,0.8490763729846137,-0.2690624282473337,0
0.3501641114189631,-1.15716842036696,1.601481036948566,-0.4507634997792872,-0.2690624282473337,0
1.67602242156614,1.5542965234406658,-1.332770743851827,-1.4064477098138315,-0.2690624282473337,0
1.866249404499969,1.0195583940651536,-0.9321475427270928,0.326905522278832,-0.2690624282473337,0
-0.0407376626590588,-1.0848585974529998,0.7299279670043101,0.0862843139391263,-0.2690624282473337,0
1.2196383980358776,1.4068472145755662,-1.210392767045812,-1.366113970633872,-0.2690624282473337,0
0.1712375337534658,1.1892188531558283,-0.7157037744951132,-0.2355702920498246,-0.2690624282473337,0
1.393512289857835,1.3599361743447274,-1.4082313848851868,-1.2371515156339778,-0.2690624282473337,0
0.0908208587858104,-1.262633030071974,1.600094317664645,-0.8166447081073616,-0.2690624282473337,0
0.2436943066799149,-0.9631660406913874,0.962411454953641,0.2555900999713413,-0.2690624282473337,0
-0.2892976590590411,1.1049085315781657,0.1730677265578264,-1.2334106932130064,-0.2690624282473337,0
2.137612877950396,1.3482936451013905,-1.3462450328939246,-0.9865643726907104,-0.2690624282473337,0
1.553129640710468,-0.8978962830446284,0.4637703124437677,1.083501244698813,-0.2690624282473337,0
-0.2424642231247626,-0.355755005132687,0.8073531270232243,0.6345018397324657,-0.2690624282473337,0
0.3643158248811602,0.2929145630476422,0.4378386618344478,0.7951269993775549,-0.2690624282473337,0
1.3456760041053712,0.9729882770918064,-0.878481506439356,0.0993100494459955,-0.2690624282473337,0
-0.4930019651592149,1.2788134852246105,0.0732470501035904,-1.7717054477384104,-0.2690624282473337,0
-0.7205091038777806,-0.1875008544791647,1.5598794584309403,0.8521793372235474,-0.2690624282473337,0
0.6965141949678461,0.7726447248268912,-0.5133190286032844,0.2289199544802885,-0.2690624282473337,0
0.7835210258835764,0.7006758251704228,-0.4345025269028362,0.228301280002974,-0.2690624282473337,0
1.1122600882350586,-0.1867951433361571,0.0494879263724131,0.932798856321659,-0.2690624282473337,0
1.4403701855437765,0.2188489853576007,-0.8133288120831412,0.7027190937272032,-0.2690624282473337,0
1.0604054147093784,1.328196219072263,-1.1943530473284607,-1.0882859669840443,-0.2690624282473337,0
1.301718336116621,1.1613483768558934,-1.0252426306543128,0.2741934976264022,-0.2690624282473337,0
-0.2278198203790668,1.2463575911114142,-1.182866389259983,-2.705664112174237,3.716609585790094,1
-0.1581765828014143,1.2586990130326086,-0.4220266757451616,-0.3813184886822821,-0.2690624282473337,0
0.1812206066822304,0.6699927319961825,0.2103011393311013,0.5923336587883761,-0.2690624282473337,0
0.8422244298749125,0.853767413947008,-0.5101503750395253,0.7926427096159355,-0.2690624282473337,0
-0.4307309316753101,1.3052691300059556,-1.2018875554377642,-3.038069755760799,3.716609585790094,1
0.5725381965385243,0.8040267106789892,-0.2148854827094843,-0.5010248061533626,-0.2690624282473337,0
1.2105533474181709,0.7084318292783559,-0.8937354185624853,0.2332602676738513,-0.2690624282473337,0
0.4155065908617004,0.2347189629938329,0.3378330894756891,0.6022559504636933,-0.2690624282473337,0
1.3551104797468358,-1.1578673130448174,0.4673295586058313,0.2834927984908424,-0.2690624282473337,0
1.6829060945341714,0.3535989028811399,-0.6866057815208406,1.045037916729339,-0.2690624282473337,0
0.9432432042433369,0.6675210383793686,-0.4455916587765899,-0.1561977137587034,-0.2690624282473337,0
0.7349160050788451,0.7229040215588725,-0.594920524865607,-0.032798533128459,-0.2690624282473337,0
1.5656390565610026,0.611439162522007,-0.8992822956981688,0.3176014254882112,-0.2690624282473337,0
1.5307314966875831,-0.188559421193676,0.0516604532505558,1.1300217286519172,-0.2690624282473337,0
0.7399826679233354,0.8297834627824767,-0.4699516941974662,0.7455131430378783,-0.2690624282473337,0
1.873342732482256,0.528543672462934,-0.8440446442219881,0.7709411436481215,-0.2690624282473337,0
0.9406225165651522,-1.0259470585584585,0.7295350632071992,1.0351247373137653,-0.2690624282473337,0
-0.4293297373300407,1.6110772919758851,-0.413708671240443,-2.820382666417356,3.716609585790094,1
0.8533710881327912,-0.2492284194805866,0.7342961327486608,0.4434944877324365,-0.2690624282473337,0
0.0177735575692104,0.6167234730131261,0.0843408043749572,0.3343487997113287,-0.2690624282473337,0
1.3322930256954415,1.6001507015732808,-1.272980030726773,-1.523660145670931,-0.2690624282473337,0
0.4710651696392149,-0.5158917730253351,0.0304667601946321,0.4354325358226253,-0.2690624282473337,0
1.7318605403626608,0.2036779003992263,-0.5933257976890979,1.3111159012363724,-0.2690624282473337,0
0.7306180772866224,0.117611824045482,0.157212902744998,0.6568316720299556,-0.2690624282473337,0
1.4534736239347,-1.020304778646973,0.3108845113914938,0.7138840098759481,-0.2690624282473337,0
0.6910631645972222,1.2996268500944703,-1.038300903911234,-0.7701721834160646,-0.2690624282473337,0
0.1939711257991581,1.0015576460695992,-0.391925622488853,-0.71559454347933,-0.2690624282473337,0
-0.1126982520517716,1.2061456928902845,-0.5428261037663136,-0.6064392636058606,-0.2690624282473337,0
1.2254737959326354,-0.7268209924353634,0.2231745166834998,0.7920240351386211,-0.2690624282473337,0
1.2899077703136017,-0.2414690061400786,-0.0740918738130001,1.4370089634805978,-0.2690624282473337,0
1.492853824112221,1.3818064013128109,-1.2393058641155617,-1.289858744360227,-0.2690624282473337,0
1.2997266134812004,-0.913425337423369,0.5152638218533621,1.0822543038918226,-0.2690624282473337,0
1.384112756718746,1.533841127991172,-1.3846571570585322,-1.562698984782093,-0.2690624282473337,0
0.6502153793199174,0.2774025548317762,-0.1936941008523671,0.7616370468575006,-0.2690624282473337,0
1.1697754471456177,1.0357692949588773,-0.915530023308108,-0.3372918863431587,-0.2690624282473337,0
-0.1385854049368796,0.7218471594606487,0.0853346198617671,0.2146568700187903,-0.2690624282473337,0
-0.0689886758298893,0.977573694905068,-0.0982439013412883,0.1414806283531754,-0.2690624282473337,0
0.2396759189066984,0.3504112704235938,0.4586163391051953,0.9650466639609036,-0.2690624282473337,0
0.8237747886204927,1.2234305020451066,-1.1048403175513697,0.0701700019718655,-0.2690624282473337,0
1.4055325106751086,0.065058503903158,-0.1053716384606415,0.9588455314092166,-0.2690624282473337,0
1.59782110124911,1.1401770425656674,-1.0056205527868327,-0.0538526490618741,-0.2690624282473337,0
0.4963984838616665,1.0001428145510092,-0.3818256837042961,-0.8607192697082923,-0.2690624282473337,0
0.9781158216143804,0.8047426495197215,-0.4733167996597809,0.9774489290642776,-0.2690624282473337,0
1.2522746952548705,0.1306691848074087,-0.1402268276619921,0.9042726873986628,-0.2690624282473337,0
-0.5510729098575492,-0.0009101464214589,1.4145281654879696,1.050649150360796,-0.2690624282473337,0
0.1503384230825026,0.8361246353718197,-0.1321075862546355,0.4782265851333006,-0.2690624282473337,0
1.2837578898954618,-0.8019604783865033,0.1518740335019027,0.8838084703854777,-0.2690624282473337,0
1.172990157364191,-0.1864422877646534,0.1595934375157288,1.0518481319059794,-0.2690624282473337,0
0.3615903096958482,0.976516832806844,-0.9709756826768768,0.0645587683404085,-0.2690624282473337,0
1.2640153760531376,0.2855165283600754,-0.159039985947185,0.7498534562314412,-0.2690624282473337,0
1.3489955418310715,1.0735265457260674,-0.9697738592974786,-0.1270384825798505,-0.2690624282473337,0
0.6998337326935467,-1.4023092886662665,1.5137479302525063,0.6593111658653943,-0.2690624282473337,0
0.9874804122510936,-0.0213655418709525,0.1623668760835705,0.8546588310589861,-0.2690624282473337,0
-0.3810496817974044,-1.1105983033936129,1.6024517404473102,-0.7391425410267262,-0.2690624282473337,0
0.8765379672079435,-0.1420012365343411,-0.1774556180376539,0.9892325196903372,-0.2690624282473337,0
0.5995487508750142,-1.4982621394872655,1.5573140277556867,0.5216354721803456,-0.2690624282473337,0
1.1790352102752033,1.5373696837062096,-1.253773968644469,-1.851078026029532,-0.2690624282473337,0
-1.1138568531221082,1.6184923728263267,0.2601999215641867,-2.1152855993260795,-0.2690624282473337,0
1.020710732010475,-1.2093637710889178,0.5269353758263625,0.0124750100176547,-0.2690624282473337,0
1.4375049003489613,-0.7381225984212086,0.2837510374027758,1.335910839590759,-0.2690624282473337,0
1.630806823491861,-0.4104288679366084,-0.1814170127920545,1.0971216750520931,-0.2690624282473337,0
1.0112063713642587,-1.1120131349122029,0.5936827973590862,0.4465974519713704,-0.2690624282473337,0
1.312760166867372,-0.2866191777459734,-0.1045812084688066,1.0270627854039542,-0.2690624282473337,0
1.0825240187132568,-0.114130760234406,0.1348404982977416,1.5938837088523543,-0.2690624282473337,0
0.6526613544862231,1.492572367671819,-1.1422817382172328,-1.7258084341888014,-0.2690624282473337,0
-0.8051398446319568,1.0188424552244213,-0.7113587207388278,-0.3211775743758979,-0.2690624282473337,0
0.929545743312025,1.3010246354501855,-1.3097974277148716,-1.359303755457232,-0.2690624282473337,0
0.8632598163051414,1.5207837672292457,-1.0995014483082743,-1.4163752770079474,-0.2690624282473337,0
1.2392061993663228,-1.0869723216494476,0.5354636994224757,0.5079901030109258,-0.2690624282473337,0
0.3746588055843957,0.645292841990919,-0.3047915785234475,0.5476821472679032,-0.2690624282473337,0
0.9746565138791768,1.3190253834457402,-1.0679998085752056,-0.6839414306864963,-0.2690624282473337,0
1.3183859097498751,0.8364826047921858,-0.6226317985559586,0.9253603748153432,-0.2690624282473337,0
0.4668720693541194,0.853767413947008,-0.6212450792720378,-0.1952845121316725,-0.2690624282473337,0
0.7293601472010938,0.1712220062860298,-0.5166864452644054,0.5017889704592388,-0.2690624282473337,0
1.20590599460219,0.9387766282025284,-0.7483841256195146,0.6276820327034641,-0.2690624282473337,0
0.580819569601588,0.8329540490771481,-0.3661811789828623,0.7957456738548694,-0.2690624282473337,0
0.856480970844237,-0.2047856636339868,0.2025586233292099,1.4555691978000325,-0.2690624282473337,0
0.1690920641075919,-0.972677799575402,0.7463605905187722,0.4186899575256885,-0.2690624282473337,0
1.0547097868221238,1.496441846644348,-1.1141544487417048,-1.4101405729729952,-0.2690624282473337,0
1.266845718745577,1.447775051637428,-1.2909842694296787,-1.7214921006261426,-0.2690624282473337,0
-0.6649505251002661,1.229430751376958,0.0760204886714321,-1.8969750395791407,-0.2690624282473337,0
-0.6825266037952911,0.0022774860360871,1.3250154357108783,0.9879951707357082,-0.2690624282473337,0
-0.4762540237704962,1.3772209834995497,-0.0538919962438864,-1.945989405146226,-0.2690624282473337,0
0.8904101406511343,0.9020932856964368,-0.6075858943254173,0.7145026843532626,-0.2690624282473337,0
-0.9744712111450607,1.8823328817990448,0.4425766193878441,-2.2895215974720866,-0.2690624282473337,0
1.1656871743676496,-0.8171315633448777,0.194654323410861,0.485046392162302,-0.2690624282473337,0
1.4756621129433296,-0.1021473077335777,-0.3139009374995236,1.4760478025917596,-0.2690624282473337,0
1.0554435793720154,-0.1360009872024896,0.0760204886714321,1.2025840917663984,-0.2690624282473337,0
0.9867466197012018,-1.0654600641017302,0.5257566644350299,0.4174478126448789,-0.2690624282473337,0
1.6368518764028734,1.1525355106497366,-0.994942814300642,-0.1630079289353435,-0.2690624282473337,0
0.5479386748659646,0.7214891900402827,-0.2390444438341921,0.8335759395684865,-0.2690624282473337,0
-0.0041528626716011,0.6188542433724484,0.1431608140012667,0.3665966073505733,-0.2690624282473337,0
-0.5192053476908238,1.276699761028163,-0.127947428402873,-1.997449693065484,-0.2690624282473337,0
1.2980144308647863,1.587093340811354,-1.1618807040966477,-1.3971436130232109,-0.2690624282473337,0
1.7444048987155711,1.2883252441086253,-1.468831017592528,-1.3195934866807677,-0.2690624282473337,0
1.6025383390698424,1.0728106068853354,-0.9335342620110136,0.0645587683404085,-0.2690624282473337,0
1.6758477090542607,1.4710430639612269,-1.2783188999698682,-1.4920070328780972,-0.2690624282473337,0
0.5749142867000785,-0.1645737654128573,0.7251668974628485,1.152322785392323,-0.2690624282473337,0
0.4493309331614702,-0.3846789342982709,0.6418019565111399,0.0850469649844973,-0.2690624282473337,0
1.3025918986760157,0.242832936522132,-0.6559130613700591,0.8503185178654233,-0.2690624282473337,0
1.2150958727270242,-0.8788557191137247,0.4724835319444037,0.9619484956481504,-0.2690624282473337,0
1.1888540534428018,1.4054323830569762,-1.2179272751551151,-1.46471821290973,-0.2690624282473337,0
0.0257579193620796,-0.8816853821509046,0.3873389679116635,0.0881547251496119,-0.2690624282473337,0
1.1924531311875088,-0.1917334167209224,-0.0717113390422693,1.376196619508911,-0.2690624282473337,0
0.4555856410867376,-0.3554021495611832,0.8711191020955181,1.1802350757641853,-0.2690624282473337,0
1.1118407782065491,-0.1578712141705732,-0.167554442350459,0.8645816023269215,-0.2690624282473337,0
0.801341702095232,0.9363049345857146,-0.310138305842485,-0.6529597475589648,-0.2690624282473337,0
1.432263524992592,1.0770380552782306,-0.8852302069544373,-0.200847786501322,-0.2690624282473337,0
-0.7707214797917984,1.7066721733765184,0.29167844930919,-1.0337083270473095,-0.2690624282473337,0
1.6155020074512625,-0.2890874621302123,-0.279839413968337,1.1405727662495284,-0.2690624282473337,0
1.052927719200958,1.568751669558308,-1.2983107696463938,-1.88210766841887,-0.2690624282473337,0
0.5206485805104684,1.0664694342959924,-0.3321198865715564,-0.5227023924902731,-0.2690624282473337,0
0.7129022285820942,-0.4950835220043377,0.9075667072745712,0.4862885370431117,-0.2690624282473337,0
0.69074868207584,-1.1053139929024935,1.0477640268789694,0.6636514790589572,-0.2690624282473337,0
1.2237266708138457,-0.9684503511825068,0.3396127125567208,0.5700076632318306,-0.2690624282473337,0
0.6351202182935738,-1.0901429079441192,0.5182221563257267,0.2667502201939056,-0.2690624282473337,0
0.3182616067498621,0.3966234179765749,0.1665270339353331,0.7145026843532626,-0.2690624282473337,0
1.6071507493834476,0.338768741180257,-0.65729978065398,0.9743507607515244,-0.2690624282473337,0
1.0846555113581804,1.1433646750232138,-1.0846404399822558,-0.0154372803542077,-0.2690624282473337,0
-0.0951571158591224,1.016029838350116,-0.2645901242428207,-1.2563352203569074,-0.2690624282473337,0
0.6831312165579165,1.269983572855579,-1.102459782780639,-1.0473767166623968,-0.2690624282473337,0
1.551207803079799,-0.0527645738859252,-0.3267731153397416,1.3470853475918654,-0.2690624282473337,0
1.3092659166297926,-0.8823842748287624,0.2704847562532663,0.6648936239397668,-0.2690624282473337,0
0.2343996010479533,1.149006954934699,-0.5491634108938319,-0.3081326551643057,-0.2690624282473337,0
0.2018681313360879,0.8509377509098279,-0.7903786079342512,-0.7403894818337164,-0.2690624282473337,0
-0.7857816983157662,1.6999730313668096,0.1461191484736311,-1.968290461886632,-0.2690624282473337,0
-0.1147493769412308,0.7444162791065899,-0.6848261584398089,-0.6262943979940928,-0.2690624282473337,0
0.043613538076111,-0.3296453974576958,-0.0396318996075669,0.2909264840709776,-0.2690624282473337,0
1.261219975863074,-0.7444637710105517,0.2003860964510672,1.0555889543269503,-0.2690624282473337,0
-0.7481136807546588,-0.1437569913104226,1.713943970874547,1.0159026651813898,-0.2690624282473337,0
-0.5468798095724537,1.5031409886540572,0.157212902744998,-2.1493846344710863,-0.2690624282473337,0
0.5011157216823988,0.0957415970773983,0.2494990710899307,0.7411728298443155,-0.2690624282473337,0
1.0962214796445686,-0.972677799575402,0.4681384781881185,0.5005516215046097,-0.2690624282473337,0
-0.0890945916969219,1.230845582895548,-1.1876274588014446,-2.231874564779684,-0.2690624282473337,0
1.1224982414311666,0.6438950566352034,-0.7232382826044165,0.4465974519713704,-0.2690624282473337,0
-0.2016968056029223,-0.6284134941604246,1.598892494285247,0.7293892392182559,-0.2690624282473337,0
0.6802309888607255,1.344765089386353,-1.0284089730192654,-0.7930967105599654,-0.2690624282473337,0
0.4181971635446366,0.1885068154408519,-0.2738973218367361,0.4900053798331792,-0.2690624282473337,0
-0.1969411310295765,-0.5945598146915126,1.5291867382801585,0.5470620340127346,-0.2690624282473337,0
-0.3988703580090599,1.1433646750232138,0.0989938048083876,-1.515602989687301,-0.2690624282473337,0
0.8722749819180965,0.9377197661043046,-0.5525308275549531,0.1365168447561174,-0.2690624282473337,0
-0.7693237796967666,1.710899621769414,0.3885176793029961,-1.7884432301091666,-0.2690624282473337,0
-0.5938425327655226,1.5292557101779107,0.1195865861746122,-1.5131091080733197,-0.2690624282473337,0
0.9828330594351128,-1.0859154595512237,0.552104330829526,0.4881493564012358,-0.2690624282473337,0
0.4841686080301381,0.7599453334853307,-0.3350904703975955,0.5842712272859468,-0.2690624282473337,0
1.4391821404629994,-0.9437675073401178,0.33623836229918,0.693419792862763,-0.2690624282473337,0
0.8004331970334614,-1.1832660957279386,1.2127373976894202,0.2828741240135279,-0.2690624282473337,0
1.230156091250992,1.4079040766737898,-1.2773250844830584,-1.648306267108166,-0.2690624282473337,0
0.3536234191541669,-0.3398816182638799,0.6390285179432982,0.8441173853137363,-0.2690624282473337,0
1.530976094204214,0.1976776510673749,-0.1681484204437385,0.9476854111866524,-0.2690624282473337,0
-0.973772361097545,1.7846242762019635,-0.1639905737907824,-3.0765330837302725,3.716609585790094,1
1.2927381130060414,0.9116220907433256,-0.7693698107828502,0.1476817609048624,-0.2690624282473337,0
0.5136251375329336,0.7112614923155357,-0.2719189356583424,-0.404243015826183,-0.2690624282473337,0
1.2494443525624308,-0.6989675622983029,0.2429583784674373,1.1076727126497043,-0.2690624282473337,0
1.9010171943638856,0.6759929813280339,-0.9777012712038928,0.4162104636902499,-0.2690624282473337,0
-0.8859618526271713,1.5200848745513875,0.2188063509391492,-1.0796053405969186,-0.2690624282473337,0
1.2428402196134056,-0.938108181265758,0.4954568480813592,0.6890794796692002,-0.2690624282473337,0
-0.4307274374250725,1.3052691300059556,-1.2018875554377642,-3.038069755760799,3.716609585790094,1
1.3033256912259072,1.423774054310022,-1.217719267262527,-1.504428481686194,-0.2690624282473337,0
0.1352747103082972,0.9599309163298798,-0.176466424948457,0.1166713022202467,-0.2690624282473337,0
1.5241623062409335,0.0551717294359027,-0.387569012738535,1.3055046676049156,-0.2690624282473337,0
1.698385623086649,0.5726420958194673,-0.994734806408054,0.3076834501464566,-0.2690624282473337,0
0.7389343928520617,1.254471564639713,-1.1567267307580749,-0.0898220954173672,-0.2690624282473337,0
0.5800857770516963,0.9708745528953588,-0.4370772023733159,-0.3248704375350618,-0.2690624282473337,0
0.6032177136244726,-0.451344772684458,0.936872708141432,0.2134195210641614,-0.2690624282473337,0
1.3432300289390655,1.2396584491017049,-1.391405857573614,-1.51435604888031,-0.2690624282473337,0
1.0726702330432825,1.4114326323888275,-1.3149514010534442,-1.8269065580786403,-0.2690624282473337,0
0.7576286316231121,1.0396558200942811,-1.1878123547059674,-0.0662740978699711,-0.2690624282473337,0
0.0821446354459005,0.0710587532350094,0.8077460308203352,0.8242718427778658,-0.2690624282473337,0
1.3104889042129453,-0.1984359679632065,-0.1342847355303912,0.9216387360990947,-0.2690624282473337,0
1.9728939217508967,0.1803928419125527,-0.6333326490302146,1.2583607132483163,-0.2690624282473337,0
0.3066606959610979,0.236491763932789,-0.2721153875568978,0.5030311153400485,-0.2690624282473337,0
0.3077089710323719,-0.1493992712219079,0.9806468135372002,0.3622562941570105,-0.2690624282473337,0
-0.2142446582060703,0.9747610780307626,-0.047952215311092,-1.1775861124692817,-0.2690624282473337,0
-0.6100209113655158,1.4248479625711203,-1.0092029109369616,-2.251729699167916,-0.2690624282473337,0
-0.9336234258677562,1.8121367830815327,0.3536648013004521,-1.130442158112682,-0.2690624282473337,0
0.689700407004566,0.7768721732197865,-0.5016359186362512,0.669852611610644,-0.2690624282473337,0
0.228144893122686,-0.2164247836447487,1.0574710618664154,0.2810133046554037,-0.2690624282473337,0
1.4678000499087758,1.469986201863003,-1.386436780139564,-1.4566610569260998,-0.2690624282473337,0
-0.281694170542068,0.3761680225270812,0.3930707409518696,0.3821018366928811,-0.2690624282473337,0
0.3181218367403589,0.2223775410726384,0.677856657893082,0.9377626399187172,-0.2690624282473337,0
-1.0810109008888606,1.4026197661826705,-0.6343264645170246,-2.063201841003325,-0.2690624282473337,0
0.9351016011897764,-0.8601560784403127,0.1184078747832795,0.3808596918120714,-0.2690624282473337,0
1.7641124700555195,-0.061577440092082,-0.3170695910632827,1.4853518993823804,-0.2690624282473337,0
-0.6236135447897002,-0.0608615012513497,1.309761523587749,1.0549654839234557,-0.2690624282473337,0
-0.9720601784811308,1.7133713153862278,0.3859522486277426,-2.050156921791733,-0.2690624282473337,0
0.6337924032032936,-0.3310632972856032,0.767762291467284,0.4273705839128142,-0.2690624282473337,0
0.0081154499125405,-0.4333559570029158,1.3800681912825363,0.735590371769943,-0.2690624282473337,0
0.7980221643695316,0.1638239715984629,-0.2085481755819659,0.8050497706454903,-0.2690624282473337,0
0.5593648731428497,0.020619157289133,0.176234068922779,0.5203952456700082,-0.2690624282473337,0
-0.6195951570164837,1.2936266007626187,0.2374115013317539,-1.966420050676146,-0.2690624282473337,0
1.203669674450139,-0.6922684202885938,0.2811856067275222,1.090311459875453,-0.2690624282473337,0
1.24172205953738,-0.1712746120388538,-0.0564574269191399,1.3706333451392616,-0.2690624282473337,0
0.681174436424872,1.2953823555387003,-1.0612742200481895,-0.8823968560452026,-0.2690624282473337,0
0.9869912172178325,0.8562391075638217,-0.5683648505785226,0.6729555758495779,-0.2690624282473337,0
-0.6425523810773812,-0.0584068537974105,1.4155219809747794,0.9365204950379074,-0.2690624282473337,0
0.4174983134971207,0.2795162790282239,-0.0039701020227356,0.3858186794829487,-0.2690624282473337,0
0.8136764054338878,0.8435397162222611,-0.5733339280125723,0.5966744515745569,-0.2690624282473337,0
0.6928801747207635,1.273870097990983,-1.077313939765541,-0.1369660497739665,-0.2690624282473337,0
1.316499014621582,-0.8037332793254593,0.1382148485552823,0.8838084703854777,-0.2690624282473337,0
0.4198045186539232,-0.2432332839975975,0.7699348183454268,1.1480064518296638,-0.2690624282473337,0
0.5639423409540788,-0.494730666432834,0.8778678026105997,0.4199273064803175,-0.2690624282473337,0
-0.0230567564569063,-0.2044242849810457,-0.1517019297364372,0.3473745352181979,-0.2690624282473337,0
0.1983738810985084,1.1158521681436449,-0.7131383438198596,-0.4377665398295024,-0.2690624282473337,0
1.440789495572286,-1.0848585974529998,0.4075388454807772,0.5625658725364499,-0.2690624282473337,0
0.0450147324213804,1.398034348369409,-0.717691405468733,-1.5459612024113367,-0.2690624282473337,0
0.0445919281426333,1.2417721732981526,-0.5368863228335192,-0.3372918863431587,-0.2690624282473337,0
1.691571835123369,0.2297755757602053,-0.6438254916118824,1.1200941614578013,-0.2690624282473337,0
1.245495849793966,1.491157536153229,-1.2832648654158527,-1.8684392788037831,-0.2690624282473337,0
1.2917247804371432,-0.9525803735462746,0.5580441117623205,1.3420975843639038,-0.2690624282473337,0
0.9251429880126748,-0.822773843256363,0.1871198153015577,0.6673731177752055,-0.2690624282473337,0
0.6141547168680965,0.6964483767775275,-0.204191565831648,0.9681496281998376,-0.2690624282473337,0
1.152478908469599,-0.189970843479691,-0.105175186562086,1.043790975922349,-0.2690624282473337,0
0.9040027740753188,0.0657573965810156,0.1617659643938715,0.7287657688147609,-0.2690624282473337,0
1.1626471766609554,0.9031501477946604,-0.7153108706980023,0.1061298564749969,-0.2690624282473337,0
0.9469121669927952,0.1673525273135006,-0.1887435130087697,0.9433403020669088,-0.2690624282473337,0
0.477180107554979,0.971232522315725,-0.5529260425508704,-0.6225535755731216,-0.2690624282473337,0
1.587163638024493,0.9027921783742944,-1.085842263361654,0.0037943836305291,-0.2690624282473337,0
0.7118539535108204,0.8022709559029078,-0.5099539231409698,0.1247332541300579,-0.2690624282473337,0
0.4012151073900001,0.4766892449984677,-0.0087311715641973,0.5997754974430185,-0.2690624282473337,0
-0.1613951716377512,1.3363101926005625,-0.2911273089394527,-0.2132692353094189,-0.2690624282473337,0
1.1893781909784389,1.3440661967084953,-1.2860383039836945,-1.5776143152041704,-0.2690624282473337,0
1.5683645717463146,0.0855138993526515,-0.3673691351694212,1.3396037027499228,-0.2690624282473337,0
1.186617733290751,1.3828632634110347,-1.3135646817695232,-1.797123856496292,-0.2690624282473337,0
1.7281566351108264,1.378277845597773,-1.2068335208837484,-1.0529399910320465,-0.2690624282473337,0
1.3842175842258733,-0.3374124815714973,0.1451484449748865,1.103356379087045,-0.2690624282473337,0
0.7857922885380031,0.8333120184975144,-0.4198495264694058,0.7759001313189987,-0.2690624282473337,0
1.6876582748572797,-0.301786853471773,-0.2986525722535299,1.1089196534566947,-0.2690624282473337,0
1.0431787610381114,0.7423025549101423,-0.7776901264863753,0.3870608243637584,-0.2690624282473337,0
1.2601018157870485,-0.3536378717036643,-0.221816767930282,0.8062871196001192,-0.2690624282473337,0
0.3207774669209193,-1.1395256417917716,1.618907475949838,-0.3428551607128082,-0.2690624282473337,0
0.1571976362988712,1.0001428145510092,-0.9616615514865416,-0.3676500990671947,-0.2690624282473337,0
0.5173989277895195,0.9966313049988462,-0.3655872008895829,-0.9152489503832196,-0.2690624282473337,0
-0.0824694932464711,-0.4040791722658282,1.4590880784779596,0.996675797122834,-0.2690624282473337,0
1.2656926161671755,-0.8259444295510345,0.1815729381658743,0.8007046615257467,-0.2690624282473337,0
0.8495274128714537,-1.017475115609793,0.5113116718941877,0.4044268730641904,-0.2690624282473337,0
-0.0431486953229886,-0.4785061286088106,1.5426610273222563,0.8924890967726032,-0.2690624282473337,0
0.4643562091830622,-1.4220657914379022,1.5569211239585758,0.129697037727116,-0.2690624282473337,0
0.3131250589006202,-1.0792163175415146,1.5430539311193672,-0.2715397384053176,-0.2690624282473337,0
0.1573374063083744,1.4724578954798169,-0.6543183341935501,-1.3735476562140072,-0.2690624282473337,0
-0.0015845887469801,0.1772222556178813,0.6723097807573987,0.9036540129213484,-0.2690624282473337,0
0.977137431547858,0.7359613823207992,-0.2984538091561679,-0.1332731866148027,-0.2690624282473337,0
0.7414851955254947,0.2735160296963724,-0.1847844294531756,0.3653544624697636,-0.2690624282473337,0
-0.9298496356111702,1.713729284806594,-0.3085542101804861,-3.1732669147956454,3.716609585790094,1
1.2890691502565828,0.7176197110677534,-0.8881885414268019,0.466442994507241,-0.2690624282473337,0
0.520019615467704,-0.3254195314260078,0.7863674418598887,0.3976022701090082,-0.2690624282473337,0
0.7201702690762596,-0.1278870136741905,0.5804165162095769,0.6208622256744627,-0.2690624282473337,0
0.5942374905138933,0.7109035228951697,-0.4602469704088268,-0.5090819621369931,-0.2690624282473337,0
-0.1376056171702623,0.8766945030133154,-0.8014492502175525,-0.9505949263352172,-0.2690624282473337,0
0.288211054706678,1.0442412379075423,-0.3721232711144632,-0.489226827748761,-0.2690624282473337,0
0.2436244216751633,-0.1832682922374069,0.93409926957359,0.2872144372070907,-0.2690624282473337,0
0.6453933139920577,1.2153165285168075,-1.07592722048162,-0.0625332754489998,-0.2690624282473337,0
0.8826878476260835,0.8400111605072235,-0.3891544951198178,0.9024118680405384,-0.2690624282473337,0
0.432977842049598,1.165933794669155,-0.6188645445013069,-0.1041139554359496,-0.2690624282473337,0
-0.8258607485408034,1.6671762139961213,0.2615866408481075,-1.0107837999034088,-0.2690624282473337,0
0.6733822583950697,1.459758504138256,-1.02207628828936,-0.9748143535479158,-0.2690624282473337,0
0.2035803139525019,1.3394807788952336,-0.6430396840176605,-0.2957112063562089,-0.2690624282473337,0
-0.0598477172083812,1.245999621691048,-1.0862351671587651,-1.763024821351285,-0.2690624282473337,0
0.4044298176085732,-1.1412984427307276,1.642273695883904,-0.4563747334107439,-0.2690624282473337,0
1.457177529186534,1.4096768776127462,-1.3016851199039343,-1.5614520439751025,-0.2690624282473337,0
1.3285192354388555,0.9863865611112248,-0.9668155248251142,0.0441281228104886,-0.2690624282473337,0
1.2494443525624308,-0.7857325313299051,0.2500999827796297,0.7362090462472575,-0.2690624282473337,0
1.601734661515199,-1.1726804285828258,0.4827914786215487,0.4465974519713704,-0.2690624282473337,0
0.3998872922997199,0.0657573965810156,0.4221918459142075,0.6487697201201444,-0.2690624282473337,0
0.5875984150624923,0.5599427044779068,-0.7420514408896094,-0.003639301949606,-0.2690624282473337,0
0.2569375150803413,1.103851669479942,-0.8020501619072515,0.1272175438916773,-0.2690624282473337,0
1.848288958278811,0.5747558200159151,-0.8489906096679725,0.5966744515745569,-0.2690624282473337,0
0.7778253979963219,0.6389516694015759,-0.1580484816591816,-0.1537038321447227,-0.2690624282473337,0
0.396288214555013,-1.1278831125484348,1.5034399835753616,-0.1822395929200804,-0.2690624282473337,0
0.8750004971034085,0.0580013924730826,-0.0156647679838015,0.5427207616339356,-0.2690624282473337,0
1.149403968260529,1.3094965783988513,-1.228813021533894,-1.0455063054519114,-0.2690624282473337,0
-0.7618111416859705,0.0184883869298108,1.4672003862888967,1.0090780622262077,-0.2690624282473337,0
1.2013984117957124,1.3839201255092586,-1.2349608103592764,-1.3971436130232109,-0.2690624282473337,0
1.076199425783238,-0.1067327255468392,0.1188007785803904,1.4233405738655105,-0.2690624282473337,0
1.400885157859128,0.1003270148906598,-0.0883519704493195,1.02520196604583,-0.2690624282473337,0
-0.2120537633071079,-1.4270091786715298,1.6048322752180413,-0.1692426329702956,-0.2690624282473337,0
1.317547289692856,1.2872683820104012,-1.4658495711320982,-1.95092920911238,-0.2690624282473337,0
1.0725304630337793,0.8375394668904097,-0.4824275453551409,0.3355861486659577,-0.2690624282473337,0
0.4378348498798336,0.1705231136081721,0.3445586780027051,0.613418948241966,-0.2690624282473337,0
0.2148667422198837,0.092928980203093,0.2554388520227251,0.4788452596106149,-0.2690624282473337,0
0.5577924605359388,-0.1134318675565483,0.6479497453365225,0.9941963032873952,-0.2690624282473337,0
1.0879750490838809,-0.1024882309910692,-0.028330137443612,1.3545190331720007,-0.2690624282473337,0
0.8928211733150642,0.6654073141829209,-0.8422419091528909,0.2413222195836624,-0.2690624282473337,0
1.2172623078743234,-0.0848624985787556,0.0910663929019734,0.9910933390484612,-0.2690624282473337,0
1.0555833493815183,-1.0196058859691153,0.6643823688509845,1.299941393235266,-0.2690624282473337,0
1.2300512637438643,0.3430132357360269,-0.163595358794865,0.7219459617857593,-0.2690624282473337,0
0.2003306612315528,0.0717576459128671,0.8135009158486067,0.958226856931902,-0.2690624282473337,0
0.1811262619258158,0.6318945579715005,0.184947288423415,0.5005516215046097,-0.2690624282473337,0
0.4803598752711764,0.826254907067439,-0.3243967153036757,0.7498534562314412,-0.2690624282473337,0
1.588666165626652,1.0153138995093838,-0.8701843027238962,0.2152755444961048,-0.2690624282473337,0
-0.5682296785240646,1.6364760746590064,-0.2907320939435353,-2.710028404998704,3.716609585790094,1
1.2534277978332715,-0.2859134666029659,-0.1208196912835198,1.1275278470379366,-0.2690624282473337,0
0.0749150317043484,1.445303358020614,-0.6509439839360094,-1.317147564328594,-0.2690624282473337,0
1.1015327400056891,0.8900927870327336,-0.627970667799054,0.6624093341781474,-0.2690624282473337,0
1.275895826860908,-0.2453487128103326,0.05859404967016,0.9997787613617676,-0.2690624282473337,0
1.0077820061314309,-0.1698648943691263,0.0386021799936344,0.7492347817541267,-0.2690624282473337,0
0.9305241333785472,0.2050927319178163,-0.1398293014672681,0.7684568538865021,-0.2690624282473337,0
-1.6533690898043876,1.1274946973869815,0.3988256259801412,0.1210116154138095,-0.2690624282473337,0
-0.5935280502441405,1.4139043260056412,0.1768349806124781,-2.1270356184688737,-0.2690624282473337,0
0.154772626633991,0.5856824104185195,0.1459342525691084,0.46768034346187,-0.2690624282473337,0
1.0832228687607726,1.2721143432149016,-1.2592977337920872,-1.336954739455019,-0.2690624282473337,0
-0.2314573348763871,1.0438832684871764,0.1089088476884216,-1.3028557043100115,-0.2690624282473337,0
0.79487733915571,1.2227316093672491,-1.0919669401989711,0.0962070852070616,-0.2690624282473337,0
0.964173763166438,1.1557060969444082,-0.997716252868484,0.1855120266184795,-0.2690624282473337,0
0.7847789559691051,1.5183120736124316,-1.0894015095237175,-1.496371325702564,-0.2690624282473337,0
-0.9679020206984112,1.6378909061775964,0.0946487510521022,-2.0173048274537164,-0.2690624282473337,0
0.7933049265487991,-1.0414590667743242,0.642009964403728,0.6419451171649623,-0.2690624282473337,0
1.0269654399357422,0.2315483766991613,-0.1164630815332018,0.6810175277593891,-0.2690624282473337,0
0.4540481709822026,0.4932751614754322,0.1558261834610771,0.8608599636106731,-0.2690624282473337,0
0.8243688111608812,-0.2270070415572867,-0.0164505755780233,1.1423952181982069,-0.2690624282473337,0
1.8647119343954344,0.6255533853821575,-0.8834505838734056,0.533418583213787,-0.2690624282473337,0
1.206954269673464,-0.0298374848196178,0.0433401375470306,1.0245832915685156,-0.2690624282473337,0
1.0738233356216835,0.753945084153479,-0.7378912830378468,0.5507827135437467,-0.2690624282473337,0
0.9726647912437564,0.9938016419616662,-0.414106197435167,-0.6578995515251194,-0.2690624282473337,0
1.0666950651370215,0.2139055981239731,-0.2742948480314601,0.4813247534460536,-0.2690624282473337,0
0.6111496616637782,-0.0905047784902409,-0.0590228575943935,0.971871266916086,-0.2690624282473337,0
0.6313464280369879,1.372993535106654,-1.0604884124539675,-0.8755866408685627,-0.2690624282473337,0
1.2953588006842258,-0.9963208274824418,0.3350596509078474,0.5520234196467021,-0.2690624282473337,0
0.1038788719236451,1.5786384440255632,-0.6462060263826132,-1.392779320198744,-0.2690624282473337,0
0.5118081274093922,1.1867471595390149,-0.8672028562634664,0.1979142917218535,-0.2690624282473337,0
-0.6818277537477752,-0.3134266553290498,1.2606485489488857,0.3176014254882112,-0.2690624282473337,0
0.0498193264980522,1.5109140389248648,-0.647592745666534,-1.5149795192838056,-0.2690624282473337,0
0.9729792737651386,1.0107284816961222,-1.1436684575011538,-0.0222474955308477,-0.2690624282473337,0
-0.8518929128107708,1.66117596466427,0.2867324838632056,-1.938507760304283,-0.2690624282473337,0
0.8408966147846323,1.21037314128318,-1.1959477745049696,-1.0399430310822615,-0.2690624282473337,0
1.3387923311373393,0.0999690454702937,-0.2144879565147603,0.7337295524118189,-0.2690624282473337,0
0.3718284628919562,-0.3187176138236901,1.113910536721994,0.4149683188094402,-0.2690624282473337,0
1.7376959382594186,1.4040345977012605,-1.270599495956042,-1.2135555588247744,-0.2690624282473337,0
0.1454429784996537,0.1341977405224463,0.6649832805406835,0.823029697897056,-0.2690624282473337,0
1.1761349825780123,1.4040345977012605,-1.2618862764554062,-1.6278276623164387,-0.2690624282473337,0
0.0356361647837169,1.4431896338241663,-0.683439439155888,-1.436182452134372,-0.2690624282473337,0
0.6729978908689359,0.9514760195440892,-0.3230105275954803,-0.2746570904227937,-0.2690624282473337,0
-1.027688642263397,1.5747519188901593,0.1205804016614221,-1.1007074157921413,-0.2690624282473337,0
1.4642009721640687,-0.7790333893201958,0.3287038541898767,1.1355850030215668,-0.2690624282473337,0
-0.9429181314997176,1.64036259979441,0.2718714755371872,-1.0095368590964184,-0.2690624282473337,0
1.17141774475728,1.4513036073524654,-1.288210830861837,-1.82441267646466,-0.2690624282473337,0
-0.2825362848493247,1.0876237224233436,-0.770756530066771,-1.0380726198717762,-0.2690624282473337,0
0.5872839325411101,0.8470682719372988,-0.2232011760153963,-0.5053411397160218,-0.2690624282473337,0
0.1473089081265211,0.6230816917653438,0.0607665765483027,0.480082608565244,-0.2690624282473337,0
1.166141426898535,1.3881646200650286,-1.225045767479242,-1.231540282002521,-0.2690624282473337,0
-0.946272611727794,1.7401849295879388,-0.2600370625939472,-3.160221995584053,3.716609585790094,1
0.2850662294928565,0.429778204767629,-0.6349042642186581,-0.279596894388948,-0.2690624282473337,0
0.7806557406887612,0.2089622108903455,-0.2479564264321901,0.8410144210748025,-0.2690624282473337,0
-0.2948954479396435,0.6936187137403476,-0.0051719254021337,0.0031709132270339,-0.2690624282473337,0
1.379500346405141,-0.2643960952063861,0.1451484449748865,1.136208473425062,-0.2690624282473337,0
0.8818492275690645,0.6329514200697245,-0.2630069530603444,0.00628826524451,-0.2690624282473337,0
0.3001963330215759,-0.351875298462433,1.1735163539425255,0.1991516406764825,-0.2690624282473337,0
0.6172645995795424,-1.3208286301257832,1.4687951134654056,0.1514033996211108,-0.2690624282473337,0
0.5307469636970732,0.8572959696620456,-0.1932988858564497,0.8788446867884196,-0.2690624282473337,0
0.9226970128463692,-0.7659760285582692,0.1888994383825895,0.7089250222050709,-0.2690624282473337,0
0.0503294870327389,0.94053238297861,-0.0412035147960105,-0.8588488584978065,-0.2690624282473337,0
-0.1041128792180387,1.029070152949168,-0.0784369275692854,-1.0417654830309402,-0.2690624282473337,0
-0.1774414675787639,0.7310179950871717,-0.0727051545290793,0.0180862436491116,-0.2690624282473337,0
1.3198534948496583,-0.132472431487452,-0.1598327271378264,1.0214803273295818,-0.2690624282473337,0
0.0688944385449989,0.8851664459619806,-0.2459757290549898,0.3622562941570105,-0.2690624282473337,0
0.5224655906340098,-0.2464072795248439,0.7473544060055821,1.0822543038918226,-0.2690624282473337,0
1.2435740121632972,-0.2471129906678514,-0.0118975139291499,1.3365343099942542,-0.2690624282473337,0
1.163905106746484,1.3415945030916816,-1.229806837020704,-1.1335595101301583,-0.2690624282473337,0
1.0591474846238498,-0.3515224428909292,0.2580273946860439,1.7352676126603457,-0.2690624282473337,0
0.5367221316033343,1.2534147025414897,-1.1404790031481356,-0.3372918863431587,-0.2690624282473337,0
1.1728503873546876,-0.9850362676594712,0.6079428939954057,1.017763484539514,-0.2690624282473337,0
1.36363645032653,1.5680527768804504,-1.2709923997531531,-1.4796335433318075,-0.2690624282473337,0
0.2466993618842332,-0.0890899469716509,0.8919198913543311,0.3517100524855799,-0.2690624282473337,0
-0.5952052903581786,-0.0545203286620067,1.2929359962761762,0.7641165406929392,-0.2690624282473337,0
0.5281262760188886,-1.1973803185880894,1.6638602927369388,-0.1251680713693649,-0.2690624282473337,0
-1.023740139494932,1.7475829642755056,0.3251446080278132,-1.2340341636165018,-0.2690624282473337,0
-0.5575023302946954,-0.1046019551875169,1.4531482975451653,0.8608599636106731,-0.2690624282473337,0
1.5343305744322902,1.3814484318924447,-1.326045155324811,-1.5149795192838056,-0.2690624282473337,0
-0.1983842563776968,1.1758035229735355,-0.1081450770284832,-1.4665886241202155,-0.2690624282473337,0
0.5231294981791499,0.7648716745560835,-0.305385556616727,0.839158397642859,-0.2690624282473337,0
0.4529300109061771,-1.1451679217032569,1.5717590202965288,-0.4302848949875599,-0.2690624282473337,0
-0.687663151644533,1.5225395220053268,0.3164313885271773,-1.404577298603346,-0.2690624282473337,0
1.0408725558813088,-0.3504638761764179,-0.1410195688526335,0.7002395998917645,-0.2690624282473337,0
0.7353702576097305,-1.1695098422881545,1.1461979840492846,0.3610141492762008,-0.2690624282473337,0
0.392514424298427,0.7564167777702929,-0.3689546175507041,-0.5952647556047542,-0.2690624282473337,0
0.3015241481118561,0.5137305569249258,0.1358343137845515,0.6661309728943957,-0.2690624282473337,0
1.6534146225290005,1.077753994118963,-1.0780997473597629,-0.1921671601141964,-0.2690624282473337,0
0.6230999974763003,1.3165536898289265,-1.0460203079250605,-0.7422598930442021,-0.2690624282473337,0
1.810516113210576,1.3938068999765136,-1.318926663000684,-1.2687566691650043,-0.2690624282473337,0
0.2683637133572263,1.1744057376178203,-0.8275889087194607,0.204734098750855,-0.2690624282473337,0
0.0334452698847546,0.7027895493668705,0.0621532958322236,0.339307787382206,-0.2690624282473337,0
1.2602415857965514,0.6428381945369797,-0.7818502843381379,0.5731087091002921,-0.2690624282473337,0
1.496487844359304,0.0336594718881852,-0.392124385586215,1.309868960429382,-0.2690624282473337,0
1.0448210586497737,-0.2125450769744947,0.1595934375157288,1.4679906466081292,-0.2690624282473337,0
0.1475884481455275,1.4206034680153503,-0.6713518693977112,-1.361797637071213,-0.2690624282473337,0
1.017950274322787,1.345481028227085,-1.2097918553561129,-1.2203657740014144,-0.2690624282473337,0
1.126691341716262,0.1849782597258143,-0.1299281257800732,0.7076828773242613,-0.2690624282473337,0
0.3106790837343144,0.7176197110677534,-0.2192420924598023,0.7994673125711177,-0.2690624282473337,0
0.9584431927768076,-0.9074250880915172,0.3144668695416227,0.4633400302683071,-0.2690624282473337,0
0.7012663752909544,0.1800519186550612,-0.2804333920616164,0.533418583213787,-0.2690624282473337,0
1.211217254963311,0.1814497040107766,-0.1121064717828837,0.8509371923427378,-0.2690624282473337,0
1.2197082830406292,1.479515006909892,-1.1876274588014446,-1.508121344845358,-0.2690624282473337,0
1.2214554081594189,-0.8862707999641661,0.4053432066145692,1.0816308334883276,-0.2690624282473337,0
1.1343786922389372,-1.0001903064549709,0.677255746203383,1.208770836539543,-0.2690624282473337,0
1.8293151794887537,1.0033304470085551,-0.9472165589456994,0.1166713022202467,-0.2690624282473337,0
0.1137221748429067,1.2234305020451066,-0.6105442287977819,-0.1586915953726843,-0.2690624282473337,0
1.093810446980639,1.3408956104138237,-1.246447468427754,-1.1007074157921413,-0.2690624282473337,0
0.4040105075800637,0.7186765731659771,-0.2043880177302034,0.790163215780497,-0.2690624282473337,0
0.7765674679107932,1.416018050202089,-1.1220818606481189,-1.3611741666677175,-0.2690624282473337,0
0.5433262645523597,-0.007609288431168,0.2855537724718728,0.7876837219450582,-0.2690624282473337,0
0.0686148985259925,0.2079053487921216,0.6655610802423173,0.8707827348786085,-0.2690624282473337,0
1.3763904636936954,-0.8492294880377081,0.3764301095448194,1.17155444937706,-0.2690624282473337,0
0.1148438291691697,1.2181461915539873,-0.8834505838734056,-0.1053608962429401,-0.2690624282473337,0
0.1816853419638285,1.105266500998532,-0.6412600609366288,-0.1425293241436162,-0.2690624282473337,0
0.925632183045936,1.1631211777948496,-0.9971153411787848,0.0968257596843761,-0.2690624282473337,0
1.5690634217938306,0.9708745528953588,-0.8681966717502763,0.1514033996211108,-0.2690624282473337,0
-0.8356795917084018,1.58745131023172,0.1142477169315169,-1.0895329077910347,-0.2690624282473337,0
1.8500360833976008,-0.4009051767385818,-0.23884568073683,1.220568814944145,-0.2690624282473337,0
-1.0988315771005162,1.7539411830277234,-0.1703278809183007,-3.53914812312372,3.716609585790094,1
0.2450920067749467,0.2879882219768891,0.121366209255644,0.3523335228890751,-0.2690624282473337,0
0.8834915251807268,1.2019182444973893,-0.9975082449758956,0.0627363163917302,-0.2690624282473337,0
1.4413485756102988,0.9035081172150264,-1.0846404399822558,-0.1561977137587034,-0.2690624282473337,0
-0.0911946360897072,0.7839292846498619,0.1386077523523932,0.1420993028304899,-0.2690624282473337,0
0.1491259182500625,1.2586990130326086,-0.5079732257637695,-0.4935431613114201,-0.2690624282473337,0
-0.0175393353317683,0.8484831034558886,-0.081996173731349,0.2363632319127851,-0.2690624282473337,0
1.1854646307123498,0.7289042708907241,-0.799091827434887,0.5445811013994416,-0.2690624282473337,0
0.8299246690386326,0.9207929263698488,-0.5158937040737641,-0.3403612790988274,-0.2690624282473337,0
0.7463422033557303,1.337367054698786,-1.0604884124539675,-0.8762101112720577,-0.2690624282473337,0
1.1794894628060888,-0.2859134666029659,0.1386077523523932,1.546739754495755,-0.2690624282473337,0
1.0634803549184484,0.8149703472444685,-0.6050204636501638,0.3746585592603844,-0.2690624282473337,0
-0.777081015224193,-0.1797414411386568,1.321248181656227,0.5737288223554609,-0.2690624282473337,0
0.5766963543212441,0.0967984591756222,0.1211813133511212,0.5408604218684295,-0.2690624282473337,0
0.1752489330262071,-0.4227736990903779,1.3351153744954354,0.2363632319127851,-0.2690624282473337,0
0.8317416791621739,1.2770406842856543,-1.0901873171179393,0.0565016123567782,-0.2690624282473337,0
-0.1532787621284038,1.1006810831852702,-0.2093409167726074,-1.2693801395684996,-0.2690624282473337,0
0.1824331115146706,0.9003204847574804,-0.0309186801069309,-0.6176137716069672,-0.2690624282473337,0
1.5016243922085457,0.0340174413085514,-0.2950887036938533,1.3538955627685054,-0.2690624282473337,0
1.122253643914536,0.9154915697158548,-0.8511631365461152,0.0118515396141596,-0.2690624282473337,0
1.201118871776706,0.7659285366543075,-0.8887894531165009,0.0887638077745649,-0.2690624282473337,0
1.0593920821404803,1.176519461814268,-1.0636547548189204,0.1179134471010565,-0.2690624282473337,0
0.2396060339019468,1.024842704556273,-0.0740918738130001,-0.8036477481575767,-0.2690624282473337,0
0.8309030591051549,0.1620511706595068,-0.2812261332522578,0.8348132885231155,-0.2690624282473337,0
0.519355707922564,0.7045623503058266,-0.266570821620021,-0.424098150214415,-0.2690624282473337,0
0.9145903522951848,-0.8933108652313668,0.8590546443254067,0.9569847120510924,-0.2690624282473337,0
-0.7990947917209441,1.5207837672292457,0.3132650461622246,-0.9214836544181716,-0.2690624282473337,0
0.8255568562416581,1.6015655330918708,-1.0985076328214645,-1.559006121622929,-0.2690624282473337,0
0.7421840455730105,-1.076744623924701,1.0566852542721936,0.5979146780848943,-0.2690624282473337,0
-0.1998797954793809,1.434018798197643,-1.1846460123410147,-2.3738819389911696,-0.2690624282473337,0
1.023750729717169,-1.0234753649416446,0.6825946154464784,1.0735736775046971,-0.2690624282473337,0
-0.1725435770207487,-0.598787263084408,1.6321737570993473,0.9228760850537238,-0.2690624282473337,0
0.153277087532307,0.7980264613471378,-0.1976554956067676,0.3486118841728268,-0.2690624282473337,0
1.1945496813300565,0.3063298932299351,-0.1639905737907824,0.7293892392182559,-0.2690624282473337,0
0.2984492079027861,0.1137252989100782,0.1380068406626942,0.4695411628199941,-0.2690624282473337,0
0.5448637346568946,-1.495432476450086,1.5527609661068131,0.4453553070905607,-0.2690624282473337,0
1.5666873316322765,-0.278154053262458,-0.2786514577817782,0.7219459617857593,-0.2690624282473337,0
0.8329996092477026,0.7567577010277844,-0.4966853307926537,0.2791524852972796,-0.2690624282473337,0
0.7405068054589724,1.146177291897519,-1.0187019380318194,-0.0668975682734663,-0.2690624282473337,0
0.5755781942452186,1.0904533854605236,-0.3214262008136007,-1.0089133886929234,-0.2690624282473337,0
1.452075923839668,0.6336673589104567,-0.8174889699349037,0.6531100333137073,-0.2690624282473337,0
1.6129162622754536,-0.3864415075395022,-0.2233999391127583,1.0394650505073282,-0.2690624282473337,0
-0.2588837049911488,1.217072283292889,-0.4485638604417936,-0.4365195990225119,-0.2690624282473337,0
1.0941249295020208,0.08375814457657,0.1102955669723425,0.9117159648311596,-0.2690624282473337,0
1.222119315704559,0.1010259075685175,0.024942995047014,0.9935776288100808,-0.2690624282473337,0
0.7753794228300162,1.5077264064673186,-1.112374825660673,-1.438676333748353,-0.2690624282473337,0
1.9189077555802927,0.725716638433178,-0.9254219542000768,0.3852000050056343,-0.2690624282473337,0
0.5484278698992257,-0.0104219053054734,0.3984327221830303,0.7659773600510635,-0.2690624282473337,0
1.8982217941738224,0.6872775411510045,-0.9864144907045288,0.2686110395520297,-0.2690624282473337,0
-0.9937944149588755,1.823421342904504,0.3542657129901512,-2.2157602528124234,-0.2690624282473337,0
0.4599185113813362,0.4191925376225161,0.167520849422143,0.9222574105764092,-0.2690624282473337,0
1.3260033752677984,-0.7490491888238131,0.0449348647235397,0.9036540129213484,-0.2690624282473337,0
1.05565323438627,0.8456534404187088,-0.5709533932418415,0.209697882347913,-0.2690624282473337,0
0.95875767529819,0.6551796164581741,-0.3695485956439835,0.4162104636902499,-0.2690624282473337,0
0.1285098418483432,1.2354310007088094,-0.8234287508676981,-1.4448630785214978,-0.2690624282473337,0
0.0289202158270891,-0.1610469143141071,0.6033898323465323,0.0577485531637685,-0.2690624282473337,0
0.589170827669403,-0.6732108101948157,0.2643600794159492,0.5309376506004941,-0.2690624282473337,0
-0.0400702608636811,0.4541201253525265,0.1487076911369501,0.4695411628199941,-0.2690624282473337,0
0.2896087548017099,1.1775763239124917,-0.6808508964925691,-0.3006989695841706,-0.2690624282473337,0
0.6161464395035169,0.9454757702122376,-0.6337255528273255,-1.0231572894496983,-0.2690624282473337,0
0.7292553196939663,0.957817192133432,-0.4236121581264444,-0.709359839444378,-0.2690624282473337,0
1.110687675628148,-0.0763905556300903,-0.0146709524969916,1.4853518993823804,-0.2690624282473337,0
-0.6409450259680947,1.8057956104921893,-0.1669604642571796,-3.059795301359517,3.716609585790094,1
1.8438862029794605,0.6685779004775925,-0.8836354797779283,0.442875813255122,-0.2690624282473337,0
1.0177056768061563,1.4400020013666202,-1.1888061701927772,-1.2135555588247744,-0.2690624282473337,0
0.725726126954011,0.0558876682766349,0.3027722035805568,0.9414842786349652,-0.2690624282473337,0
-0.1399380292038466,0.8223683819320352,-0.0792227351635073,0.1129496635039984,-0.2690624282473337,0
1.5311857492184684,0.997330197676704,-0.8927416030756754,-0.0253648475483238,-0.2690624282473337,0
0.5247717957908122,-1.1391676723714057,1.6440533189649358,-0.3347980047291778,-0.2690624282473337,0
0.8107062927319452,-0.2125450769744947,0.6323029294162821,0.4242724156000611,-0.2690624282473337,0
-0.1929751570099237,-0.4562830460692233,1.4662065708020868,0.8683032410431697,-0.2690624282473337,0
0.0966981876854192,-0.3345906597692397,0.9838131559021528,-0.0873761730651936,-0.2690624282473337,0
1.3284144079317282,-0.0728619999150527,-0.4384639216572367,1.017763484539514,-0.2690624282473337,0
1.2339648240099537,-0.2682775064929275,0.1948392193153838,1.5976245312733257,-0.2690624282473337,0
1.1254683541331092,0.4079079777995454,-0.1974567325094057,0.7225646362630738,-0.2690624282473337,0
0.8307283465932759,1.5243123229442832,-1.0539477198314744,-1.3475057770526304,-0.2690624282473337,0
-0.6525459367568587,1.66117596466427,-0.3400412893610736,-2.8458010751752374,3.716609585790094,1
1.3278203853913395,-0.1211878716644813,-0.1727037932914185,1.0146605203005803,-0.2690624282473337,0
1.2782020320177103,-1.1448099522828907,0.4473376889293057,0.3244260284433933,-0.2690624282473337,0
0.3511425014854855,1.1729909060992303,-0.8426579249380672,0.2475281480615301,-0.2690624282473337,0
1.0548844993340027,-0.9931502411877704,0.5919031742780545,0.7337295524118189,-0.2690624282473337,0
0.4918210160504372,0.722205128881015,-0.0915183128142721,-0.4179114054412701,-0.2690624282473337,0
1.0772826433568874,-0.2033742413479717,0.1241396478234857,1.489716192206847,-0.2690624282473337,0
1.2321128713840366,-0.1487003785440502,-0.1511171964383839,1.04072158316668,-0.2690624282473337,0
1.079099653480429,1.2703415422759452,-1.1660408619484102,-0.0371148666911181,-0.2690624282473337,0
1.1334003021724148,1.3599361743447274,-1.2693976725766445,-1.533587712865047,-0.2690624282473337,0
0.9159880523902164,-1.0774435166025584,0.5570502962755104,0.168764652395362,-0.2690624282473337,0
0.768915059890494,-1.1462247838014807,1.142037826197522,0.5619457113220194,-0.2690624282473337,0
0.6441703264089048,0.3109153110431966,-0.1808230346987751,0.3696947756633264,-0.2690624282473337,0
0.3918854592556627,1.0258995666544966,-0.3398432196233536,-0.4799227309581401,-0.2690624282473337,0
1.256083428013832,-0.2375892994698247,-0.0891377780435414,1.0909349302789484,-0.2690624282473337,0
1.3763205786889436,-1.15716842036696,0.4512898388884801,0.5464419207575658,-0.2690624282473337,0
0.5488471799277352,-0.3684526918579601,0.8683456635276765,1.0766910295221732,-0.2690624282473337,0
1.2575160706112396,1.5793373367034207,-1.3339725672312253,-1.7128114742390168,-0.2690624282473337,0
-0.2736259467434969,-0.4361770969586585,1.4450359897342282,0.9073756516375966,-0.2690624282473337,0
-1.0154937089342444,1.8445926771947287,-0.1146811472533635,-3.104445374102136,3.716609585790094,1
1.2836880048907104,1.5370117142858437,-1.226432486763163,-1.44428756737981,-0.2690624282473337,0
0.5498255699942575,-0.1850325700949258,0.7449738712348513,1.24162293087756,-0.2690624282473337,0
0.392863849322185,1.023427873037683,-0.2596395363992232,-0.492344179766237,-0.2690624282473337,0
0.7672378197764559,0.9677039666006874,-0.3927183636794943,-0.2393111144707959,-0.2690624282473337,0
1.598834433818008,1.0512983493376178,-1.0319682191813289,-0.2622356416146967,-0.2690624282473337,0
1.3619592102124918,0.2421340438442743,-0.1334943055385564,0.8720248797594182,-0.2690624282473337,0
0.4815129778495777,-1.4802613914917115,1.6117658716376455,0.3008588471912743,-0.2690624282473337,0
1.2203372480833936,-0.1670420497970962,-0.1451774155055895,0.8850458193401065,-0.2690624282473337,0
0.6310319455156058,-1.2019657364013507,0.6651681764452063,-0.0383618074981085,-0.2690624282473337,0
1.767466950283596,1.4417748023055763,-1.3466379366910357,-1.3679843818443571,-0.2690624282473337,0
0.8408267297798807,1.2378856481627487,-1.1693921002178855,-0.0172597323028861,-0.2690624282473337,0
0.2522202772596089,1.2354310007088094,-0.8089837583268559,0.17372843599242,-0.2690624282473337,0
0.7563707015375835,1.0396558200942811,-0.3812317056110166,-0.2839611872134144,-0.2690624282473337,0
-0.0424009257721466,1.3906192675189677,-0.603633744366243,-1.4194446697636165,-0.2690624282473337,0
1.2056613970855594,-1.1419973354085855,0.4580385394035616,0.3027196665493985,-0.2690624282473337,0
0.6043009311981223,-0.4633384528830112,0.8525139517029134,0.234502412554661,-0.2690624282473337,0
0.2491453370505389,1.1973328266841277,-0.807597039042935,0.01990869559779,-0.2690624282473337,0
1.4890450913532594,1.0886805845215677,-0.9184883577804724,-0.1543273025482178,-0.2690624282473337,0
-0.842982574704943,1.686915670604883,-0.4202447414653233,-3.214799635520788,3.716609585790094,1
1.261219975863074,-0.256989537437382,0.0098739788284074,0.8738856991175423,-0.2690624282473337,0
0.6716001907739041,-1.4912050280571905,1.6194852756514715,0.3455089199338929,-0.2690624282473337,0
-0.03848387125582,0.8400111605072235,-0.1655737449732587,0.2934155697587777,-0.2690624282473337,0
1.3606663376245876,-1.2294782432809197,0.5701085695324318,0.2227188219286015,-0.2690624282473337,0
0.3843029362401152,1.131722145779877,-0.2299360093376385,-0.4842390645207992,-0.2690624282473337,0
0.3430707834366767,1.103851669479942,-0.8119420927992202,-0.3831888998927677,-0.2690624282473337,0
-0.252915525585363,1.0703389132685217,-1.05098938535911,-0.6517128067519745,-0.2690624282473337,0
0.1713318785098804,1.147592123416109,-0.7046100202237464,-0.0650271570629807,-0.2690624282473337,0
1.4638864896426869,-0.838285851472229,0.2920713531063009,1.1417717477947118,-0.2690624282473337,0
0.3777337457934656,-1.2778041150303483,1.6739602315214956,-0.2653529936321728,-0.2690624282473337,0
0.1783727927386032,0.0960995664977645,0.7035803006098138,0.6642701535362715,-0.2690624282473337,0
-1.131153391798127,-0.023121296647034,1.2392699599884391,0.369076101186012,-0.2690624282473337,0
1.6623599031372038,0.2731751064388809,-0.6164840097305762,1.0462848575363295,-0.2690624282473337,0
0.9566611251556422,0.9073775961875558,-0.5743046315113168,-0.6820710194760106,-0.2690624282473337,0
0.0730945273305695,0.5578289802814591,-0.0800316547457944,0.3585346554407622,-0.2690624282473337,0
1.8039469227639264,1.4304902424826058,-1.4361506664681267,-1.5273530088300948,-0.2690624282473337,0
0.230346270772361,0.94336204601579,-0.2317179436174769,-0.8941948344498043,-0.2690624282473337,0
1.217192422869572,-0.8224158738359969,0.1847392805308269,0.7083015518015757,-0.2690624282473337,0
0.248097061979265,0.7655876133968158,0.0316685835740301,0.8943499161307275,-0.2690624282473337,0
0.7380957727950426,0.1214983491808857,0.1011663316865302,0.7535750949476894,-0.2690624282473337,0
0.816716403140582,1.5461825499123665,-1.1487993188516608,-1.5515724360427936,-0.2690624282473337,0
1.1592926964328791,0.1486528866400885,-0.1738917494779773,0.724425455621198,-0.2690624282473337,0
0.2164391548267945,1.1010390526056364,-0.6503661842343758,-0.2312539584871655,-0.2690624282473337,0
-0.6545726018946548,1.6996150619464432,-0.230529987430918,-2.7955877280629693,3.716609585790094,1
1.8518880360235173,1.4100178008702375,-1.432776316210586,-1.5192958528464644,-0.2690624282473337,0
1.621407290352772,0.233662100895609,-0.6202512637852279,1.0971216750520931,-0.2690624282473337,0
1.0354914105154365,0.5959101081432663,-0.9097751382798364,0.1290735673236207,-0.2690624282473337,0
-0.2382676285894296,1.2636424002662363,0.1657412263411112,-1.5397744576381918,-0.2690624282473337,0
1.1789303827680762,1.207901447666366,-1.3397043402714313,-1.3735476562140072,-0.2690624282473337,0
-0.5537984250428611,-0.0164221546373249,1.2713493994231415,0.8968294099661661,-0.2690624282473337,0
1.5651149190253657,-0.2079596591612332,-0.1479485428746247,1.1405727662495284,-0.2690624282473337,0
0.7209040616261513,0.8407100531850812,-0.3335061436157159,0.7759001313189987,-0.2690624282473337,0
1.2230627632687057,0.8424828541240372,-0.6836243350604108,0.2927968952814632,-0.2690624282473337,0
-0.2529085370848878,1.0703389132685217,-1.05098938535911,-0.6517128067519745,-0.2690624282473337,0
0.4938826236906092,0.2213206789744145,-0.3636065035123826,0.4348138613453109,-0.2690624282473337,0
0.04323965330069,0.9751020012882544,0.0374003566142363,-0.9853653911455272,-0.2690624282473337,0
1.0541507067841112,-1.083801735354776,0.4920824978238186,0.6345018397324657,-0.2690624282473337,0
1.0305645176804492,-0.1296598146131466,0.1679137532192539,1.5610316145143377,-0.2690624282473337,0
1.6063470718288042,-0.4157182922765901,-0.2101313467644423,1.0909349302789484,-0.2690624282473337,0
1.1635906242251015,0.8982067605610328,-0.6778925620202046,0.752956420470375,-0.2690624282473337,0
1.4712244151416038,0.9768748022272103,-0.8870098300354692,-0.0334220035319541,-0.2690624282473337,0
1.275057206803889,-0.8312457862050284,0.2207939819127691,0.9222574105764092,-0.2690624282473337,0
0.4866145831964438,0.7080909060208642,-0.2002301710772474,0.8062871196001192,-0.2690624282473337,0
0.5484278698992257,-0.2509926973381054,0.7333023172618509,0.4093858607350678,-0.2690624282473337,0
1.0759897707689832,-0.2026685302049642,0.0645338306029544,0.8695453859239795,-0.2690624282473337,0
1.1570214337784523,-1.2499336387304134,0.5574432000726214,-0.0402322187085941,-0.2690624282473337,0
0.7523523137643671,0.2742319685371047,-0.1505232183451044,0.9495462305447764,-0.2690624282473337,0
0.507929509645679,-0.1592826364565882,0.650122272214665,0.9507835794994056,-0.2690624282473337,0
1.1350425997840772,-0.9984345516788894,0.6584425879181902,1.1157298686333346,-0.2690624282473337,0
1.3920097622556755,-0.7261220997575056,0.0673072691707961,0.996675797122834,-0.2690624282473337,0
2.2289875216631003,0.5641701528708022,-0.91432819992871,0.8224110234197416,-0.2690624282473337,0
0.5069860620815325,-0.7543505454778069,0.3225791773525596,0.1780687491859829,-0.2690624282473337,0
0.5964039256611926,-1.3765695827256537,1.5414592039428583,0.395741450750884,-0.2690624282473337,0
0.997473967930571,0.881637890246943,-0.6331246411376265,0.6673731177752055,-0.2690624282473337,0
0.7951219366723404,0.8763365335929492,-0.4626228827819445,0.7610183723801862,-0.2690624282473337,0
1.2016080668099671,-0.8425303460279989,0.2588132022802658,0.6574503465072701,-0.2690624282473337,0
1.300110981007334,-0.401256327693798,-0.2725129137516218,0.6940384673400776,-0.2690624282473337,0
0.1734773481557542,0.6728223950333623,0.1069212167148018,0.4044268730641904,-0.2690624282473337,0
1.6375157839480137,-0.3307104417140994,-0.2513238430933112,1.0952992231034149,-0.2690624282473337,0
-0.0221098146425223,0.8357837121143281,0.0922682162813714,0.2667502201939056,-0.2690624282473337,0
0.904142544084822,-0.7673908600768592,0.2090993159517032,0.705822057966137,-0.2690624282473337,0
0.8657057914714469,0.7052612429836843,-0.3525173716386289,0.2791524852972796,-0.2690624282473337,0
0.2502634971265643,1.4290754109640158,-0.6230247023530695,-1.3766650082314833,-0.2690624282473337,0
1.1647437268035032,0.1137252989100782,-0.0239850836873266,0.8317151202103624,-0.2690624282473337,0
0.1159619892451951,0.6936187137403476,-0.0507256538789338,0.3914011375573212,-0.2690624282473337,0
-0.2899056586003799,-0.5039083205245068,1.534132703726143,0.798225167690308,-0.2690624282473337,0
-0.0820956084710501,1.283040933617506,-0.3485566702438702,-0.3310571823082066,-0.2690624282473337,0
0.8775163572744659,-1.108484579197165,1.0384730076766997,0.8348132885231155,-0.2690624282473337,0
1.466926487349381,-0.9003679766614422,0.2736510986182189,0.8255139876586753,-0.2690624282473337,0
1.0174960217919018,-1.0594598147698786,1.0655833696773525,0.6481462497166492,-0.2690624282473337,0
1.0716569004743846,0.170165144187806,-0.0822041816239371,0.7560545887831281,-0.2690624282473337,0
0.7723743676256978,1.499271509681528,-1.091366028509272,-1.3946497314092297,-0.2690624282473337,0
-0.6314057228195026,1.497498708742572,0.066706357481097,-0.8315600385294393,-0.2690624282473337,0
0.2076336442280941,-1.5070750056934226,1.5890005633932782,-0.0625332754489998,-0.2690624282473337,0
0.6088085140045999,0.1408968825321555,-0.0198249258355641,0.472644127058928,-0.2690624282473337,0
1.338233251099327,-0.7776185578016059,0.1673128415295549,1.0134183754197708,-0.2690624282473337,0
-0.1976854063301809,0.8463523330965665,-0.114087169160084,0.239466196151719,-0.2690624282473337,0
0.883281870166472,1.173689798777088,-1.16703467743522,-0.099126192207988,-0.2690624282473337,0
1.1649883243201336,-0.8897993556792038,0.2855537724718728,0.5923336587883761,-0.2690624282473337,0
1.71666055182919,0.3147847900157258,-0.7275833363607018,1.0779379703291634,-0.2690624282473337,0
0.48623021567031,0.7193754658438349,-0.132502801250553,0.8255139876586753,-0.2690624282473337,0
0.272696583651825,-0.1726860343248689,1.0038050255786786,0.5048919346981726,-0.2690624282473337,0
-0.1725435770207487,-0.421009421232859,1.4578862550985614,0.7777609506771229,-0.2690624282473337,0
0.043613538076111,-0.3296523863844743,-0.0396318996075669,0.290936075923339,-0.2690624282473337,0
1.3689127681852753,-0.2464072795248439,0.0033563981939794,1.5293785017215038,-0.2690624282473337,0
1.0609295522450153,-1.0351178941849812,0.4823985748244379,0.522875698690683,-0.2690624282473337,0
0.0257474366113668,-0.8816853821509046,0.3873389679116635,0.0881451332972505,-0.2690624282473337,0
0.6536397445527452,-0.7733911094087106,0.4019919683450937,0.5191550191596708,-0.2690624282473337,0
-0.796893414071269,1.5553533855388897,0.4097113723589199,-1.7841268965465074,-0.2690624282473337,0
0.3248307971965115,1.188161991057605,-0.7689769069857393,0.3027196665493985,-0.2690624282473337,0
-0.2140594629434786,0.6798624603005631,-0.2115180660483631,0.2245796412867257,-0.2690624282473337,0
-0.0510771491120566,0.8904507564530997,-0.3994508858029301,-0.0067566539670821,-0.2690624282473337,0
-0.0682898257823734,1.2643412929440938,-1.1789142393008083,-2.439010616525516,-0.2690624282473337,0
0.7063679806378204,-0.0880330848734271,0.0690868922518278,0.759157553022062,-0.2690624282473337,0
0.1161017592546983,0.8068563737161693,-0.5907603670138444,0.0534322196011094,-0.2690624282473337,0
1.048524963901608,0.1775802250382474,-0.0893226739480642,0.8224110234197416,-0.2690624282473337,0
0.6279570053065359,-1.0315893384699435,0.8828137680565841,0.367838752231383,-0.2690624282473337,0
1.148320750686879,-0.9874909151134104,0.4493253199029255,0.5576046307802677,-0.2690624282473337,0
1.359513235046186,-0.9363524264896764,0.5257566644350299,0.9197779167409706,-0.2690624282473337,0
-0.8811397872993115,1.5193689357106557,0.2843519490924748,-1.7592839989303135,-0.2690624282473337,0
1.2669156037503286,0.9768748022272103,-0.8079899428400458,-0.0005219499321299,-0.2690624282473337,0
0.1103642003645928,0.6668221457015109,-0.0503096380937575,0.2506263163742833,-0.2690624282473337,0
-0.3443390888013938,0.923605543244154,-0.2190433293624403,-0.1369660497739665,-0.2690624282473337,0
0.7601794342965452,0.6618787584678832,-0.3115245628866446,-0.1952845121316725,-0.2690624282473337,0
0.9009627763686244,-0.8943847734924654,0.2710856679429653,0.2977606788785213,-0.2690624282473337,0
1.889031916048988,0.5934554606893272,-0.8822487604940077,0.5309376506004941,-0.2690624282473337,0
1.233929881507578,1.5754508115680173,-1.2343598986695772,-1.523036675267436,-0.2690624282473337,0
0.3850716712923827,1.2396584491017049,-0.7040322205221127,-0.272786679212308,-0.2690624282473337,0
0.1029948266135375,-0.2629863775366585,0.1815729381658743,0.7926427096159355,-0.2690624282473337,0
0.0174450980468779,1.417432881720679,-0.5802444124441113,-1.3654905002303768,-0.2690624282473337,0
0.4190357836016557,1.014615006831526,-0.5291622964220801,-1.14535748853476,-0.2690624282473337,0
1.10485227773139,0.8435397162222611,-0.5953134286627179,0.6958992866982018,-0.2690624282473337,0
0.976473524002718,-0.9575237607799024,0.8936995144353628,0.7585340826185668,-0.2690624282473337,0
1.2127896675702217,1.4216603301135744,-1.272587126929662,-1.5813071783633346,-0.2690624282473337,0
1.2161441477982982,0.7024486261093789,-0.7925511348123937,0.529077310834988,-0.2690624282473337,0
1.797866927350538,1.458343672619666,-1.3399123481640194,-1.51991932324996,-0.2690624282473337,0
1.1553441936644142,-0.955750959840946,0.5964562359269281,1.1864218205373305,-0.2690624282473337,0
0.3024675956760025,0.449534707539265,0.203367542911497,0.6686104667298345,-0.2690624282473337,0
1.1378729424765166,0.8668247747089347,-0.7545319144448971,0.4986908021464857,-0.2690624282473337,0
1.3691224231995298,-0.8545137985288274,0.2223655971012127,0.937139169515222,-0.2690624282473337,0
1.0961865371421928,-0.0795611419247618,-0.0905244973274622,1.232318834086939,-0.2690624282473337,0
1.4690579799943044,-1.1486964774182946,0.4718826202547047,0.4397728490161881,-0.2690624282473337,0
1.6518422099220895,0.3497123777457361,-0.7850166267030906,0.7560545887831281,-0.2690624282473337,0
0.986571907189323,0.2572880826397742,-0.2788502208791401,0.5284571975798193,-0.2690624282473337,0
0.6832709865674197,-0.0488780487505214,0.3738646788695658,0.9042726873986628,-0.2690624282473337,0
0.4472343830189225,-1.0873302910698135,1.5735386433775609,-0.30626224395382,-0.2690624282473337,0
1.5202487459748446,0.8654099431903447,-0.7881829690680431,0.3926432824381309,-0.2690624282473337,0
1.2755464018371498,1.4114326323888275,-1.23553861006091,-1.4454865489249928,-0.2690624282473337,0
0.737327037742775,0.2474183543353935,0.1429528061086785,0.6890794796692002,-0.2690624282473337,0
1.0642840324730918,1.135591624752406,-1.0276000534369782,0.2766729914618409,-0.2690624282473337,0
0.8874749704515674,0.9133778455194071,-0.4212339345545202,-0.5152687069101379,-0.2690624282473337,0
1.2744981267658764,0.5973249396618563,-0.7477832139298156,0.6735742503268924,-0.2690624282473337,0
0.464391151685438,-0.4566359016407271,0.9641910780346729,1.1858463093956424,-0.2690624282473337,0
1.661661053089688,-0.2696872241626551,-0.2851852168078518,1.126280906230946,-0.2690624282473337,0
-0.3132262846859857,-0.5585753648632784,1.3109633469671471,0.3672152818278878,-0.2690624282473337,0
1.5372308021294812,1.0572985986694692,-1.008786895151785,-0.1456466761610922,-0.2690624282473337,0
0.1057448015505126,0.9147926770379972,-0.0608255926634906,0.3021009920720841,-0.2690624282473337,0
1.6337419936914277,1.133136977298467,-1.1105952025796413,-0.1816161225165852,-0.2690624282473337,0
1.1084862979784726,-0.9638649333692452,0.3267393352043222,0.2189971832123531,-0.2690624282473337,0
-0.1416173658680273,1.1274946973869815,0.0075165560457419,-1.3245812499087295,-0.2690624282473337,0
-0.023042779455956,-0.2044328080624831,-0.1517111745316633,0.3473697392920171,-0.2690624282473337,0
-0.4909473460195181,-0.3098992928454134,1.1109522022496297,-0.1506344393890538,-0.2690624282473337,0
0.8461030476386258,1.3793347076959972,-1.067422008873572,-0.9307877512087924,-0.2690624282473337,0
0.2000161787101707,1.2273170271805105,-0.4701481460960217,-0.2609887008077063,-0.2690624282473337,0
-1.104212722466389,1.6269643157749918,0.1607721489070615,-1.340072091472495,-0.2690624282473337,0
1.1805726803797385,-0.8552297373695597,0.2403929477921838,0.8100087583163675,-0.2690624282473337,0
0.8212589284494354,0.036131165504999,0.0982079972141657,0.7442709981570687,-0.2690624282473337,0
1.0797286185231931,0.8181409335391399,-0.5158937040737641,0.790163215780497,-0.2690624282473337,0
-0.4023226772437885,1.1617063462762596,0.1867269115044467,-1.6439419742836994,-0.2690624282473337,0
1.2958130532151115,0.9147926770379972,-0.8990973997936459,-0.0197536139168668,-0.2690624282473337,0
0.1681590992941582,1.2823420409396484,-0.4798528698846611,-0.2417570368229694,-0.2690624282473337,0
0.4807442427973102,-1.4291229028679775,1.534132703726143,0.3597720043953911,-0.2690624282473337,0
-1.0109162411230153,1.8266089753620496,-0.1566640735740673,-3.113749470892756,3.716609585790094,1
1.097339639720594,-0.8531160131731118,0.3225791773525596,0.6779145635204552,-0.2690624282473337,0
0.0755195369954497,1.3211391076421877,-0.3933123417727738,-0.2374407032603102,-0.2690624282473337,0
1.5188859883821886,-0.0344229026328792,-0.3386550323169141,1.276345436426063,-0.2690624282473337,0
1.58618524795797,1.0982093895684564,-0.91432819992871,-0.0544761194653694,-0.2690624282473337,0
0.1088721555131463,0.1909785090576657,0.3473321165705468,0.5278370843246506,-0.2690624282473337,0
1.4690230374919284,0.9758179401289864,-0.7757024955127554,0.3808596918120714,-0.2690624282473337,0
-0.1640074731153657,0.897507867883175,-0.1453761786029515,0.1972908213183583,-0.2690624282473337,0
0.1432485893504537,-0.3240086064106561,1.199656012444433,0.3058226307883324,-0.2690624282473337,0
0.1527669269976203,-0.2128979325459984,1.062232131407877,0.3529521973663896,-0.2690624282473337,0
1.2566774505542206,-1.073914960887521,0.7703277221425375,1.1058023014392186,-0.2690624282473337,0
0.6320452780845038,1.0551848744730217,-0.3842015960774138,-1.0076664478859327,-0.2690624282473337,0
-0.0213166198385917,0.7994412928657278,-0.4038074955532481,0.2896987269687101,-0.2690624282473337,0
0.9463530869547826,-1.206892077472104,1.198477301053101,0.8360554334039252,-0.2690624282473337,0
0.6817684589652605,-0.2852077554599584,0.7936939420766039,1.2496800868611904,-0.2690624282473337,0
1.4905126764530428,0.028375161397066,-0.3891544951198178,1.1541931966028087,-0.2690624282473337,0
1.2463694123533609,1.4043755209587525,-1.23653242554772,-1.392779320198744,-0.2690624282473337,0
0.7739118377302328,0.2146215369647054,0.1267281904868046,0.6500070690747735,-0.2690624282473337,0
1.2178213879123363,-0.0093650432072496,-0.3321198865715564,1.1510758445853326,-0.2690624282473337,0
-0.1497338103198771,1.156404989622266,-0.003392302321102,-1.3419425026829808,-0.2690624282473337,0
0.9768578915288518,-0.2555781151513669,-0.0027913906314029,1.1337145918110814,-0.2690624282473337,0
0.6305776929847204,0.2841016968414854,-0.2451829878643484,0.6965179611755162,-0.2690624282473337,0
-0.643950081172413,0.2403612429053182,-0.648586561153344,-0.3961858598425525,-0.2690624282473337,0
-0.0194506902117243,-0.3497581650334104,-0.334100352828876,0.7287657688147609,-0.2690624282473337,0
-0.7385044926013151,-1.5448152102977386,1.4975002026425672,1.0245832915685156,-0.2690624282473337,0
-1.5004606994079075,-2.508127966665891,3.2978085129928134,-0.0538526490618741,3.716609585790094,1
-1.4025518077509287,-1.7254193059538925,2.003675853261744,1.0245832915685156,-0.2690624282473337,0
-0.952597204657813,-0.3776235274844831,-0.0182301986590551,1.220568814944145,-0.2690624282473337,0
-0.7701274572514099,0.1415957752100132,-0.9119707771460444,-0.5109044140856713,-0.2690624282473337,0
-0.4681857999719251,0.2199058474558246,-0.7477832139298156,-0.8519906840593592,-0.2690624282473337,0
-0.0357758273216958,-0.3042551378560119,-0.3931135786754118,0.630784996942398,-0.2690624282473337,0
-0.5000917988912639,-1.4608628581404417,1.0194518414989189,0.8224110234197416,-0.2690624282473337,0
-0.9984068252724806,-1.8827383431233728,1.8329707094110868,0.2475281480615301,-0.2690624282473337,0
-0.6887114267158068,-1.391382698263662,0.9103401458424132,0.8478390240299847,-0.2690624282473337,0
-0.3704621035775384,-0.3409398440551337,-0.4002436269935716,0.8013281319292419,-0.2690624282473337,0
-0.2833294796532552,0.1676934505709921,-1.1693921002178855,-0.9071917943995892,-0.2690624282473337,0
-2.2185640657328767,0.7941569823746086,-0.1703278809183007,-2.6430293162538723,3.716609585790094,1
-0.7922460612552883,0.1437094994064609,-0.4937154403262566,-0.5679759356363869,-0.2690624282473337,0
-0.4264364981333249,-0.6453403338948805,0.2285133859265951,1.103356379087045,-0.2690624282473337,0
-0.791267671188766,-1.8658115033889169,1.757117164580616,0.5017889704592388,-0.2690624282473337,0
-1.4067449080360244,-2.529640224213608,2.718968771896184,-0.6709444707367114,3.716609585790094,1
-0.7923858312647915,-1.4986030627447575,0.93708071603402,0.5879923864095771,-0.2690624282473337,0
-0.2774032312503203,-0.3913797809242675,-0.4372759654706779,0.8608599636106731,-0.2690624282473337,0
0.0097472647734902,0.2474183543353935,-1.3682245335440704,-1.3785354194419688,-0.2690624282473337,0
-1.346713688954408,0.5028039665223213,-0.504409357204093,-1.773575858948896,-0.2690624282473337,0
-0.7379803550656782,-0.3765649607699718,0.0023625827071695,0.5724885958451235,-0.2690624282473337,0
-0.888233115281598,-1.5367012367694393,1.2030303627019745,0.3988444149898179,-0.2690624282473337,0
-1.0882090563782745,-2.10706584655282,1.7796975769204606,-0.2702927975983271,-0.2690624282473337,0
-0.3216229680068893,-1.0668578494574454,0.1332457711212326,0.9210152656955995,-0.2690624282473337,0
0.212944904589215,-0.123301595860929,-0.9371166201611424,0.613418948241966,-0.2690624282473337,0
0.2511021171835835,0.3239556256422488,-1.46862300969994,-1.40145994658587,-0.2690624282473337,0
-1.7204586943659146,0.9310206240945956,-0.3988569077096506,-2.688926329803481,3.716609585790094,1
-1.1110265104296688,-0.247818701810859,0.237018597534643,0.6648936239397668,-0.2690624282473337,0
-0.9545539847908576,-1.2541610871233089,1.014690771957457,0.9836548575421452,-0.2690624282473337,0
-0.7233743890725958,-1.4068947064795276,0.7497349407763129,0.6419451171649623,-0.2690624282473337,0
0.0217849568419517,-0.243938995140605,-0.7844157150133915,0.8372975782847348,-0.2690624282473337,0
0.4175681985018723,0.3990951115933887,-1.4597248942947811,-0.7162180138828252,-0.2690624282473337,0
0.1293030366522738,0.4996163340647752,-1.5426969314493788,-2.356520686216919,-0.2690624282473337,0
-2.0741467034137147,1.226601088339778,-0.4162833467109227,-2.305683868701156,-0.2690624282473337,0
-1.282244772071066,0.1507666108365362,-0.2521142730851461,0.1476817609048624,-0.2690624282473337,0
-0.8766671469952098,-0.5836161781260336,-0.0449707688506622,0.7740393119608746,-0.2690624282473337,0
-0.4748563236754644,-0.668267422961188,-0.3719245080171012,0.5923336587883761,-0.2690624282473337,0
0.0540613462864738,0.0040332408121687,-1.0868129668603983,0.4050455475415049,-0.2690624282473337,0
0.1633090799643978,0.2435318291999897,-1.264058803333549,-0.2423805072264646,-0.2690624282473337,0
-0.2536598008859674,0.1983935899081071,-1.1092084832957203,-0.8377467833025841,-0.2690624282473337,0
-1.41666857871075,0.241418105003542,-0.4467819261619553,-1.1534146445183904,-0.2690624282473337,0
-2.322308355286613,1.1542912654258182,-0.3245947619294076,-1.21542597003526,-0.2690624282473337,0
-1.6559198924778205,0.2442477680407219,-0.1481473059719867,0.0819440007455635,-0.2690624282473337,0
-1.2133032148836216,-0.3360015706703684,-0.1681484204437385,0.5340386964689557,-0.2690624282473337,0
-0.7503150584043339,-0.3271832496920918,-0.5562934592119916,0.3058226307883324,-0.2690624282473337,0
-0.3805395212627178,0.0964404897552561,-1.0074001758678643,0.0676761203578846,-0.2690624282473337,0
-0.4574584517425559,0.0043912102325348,-0.8751302681698806,0.0378934187755365,-0.2690624282473337,0
-0.877645537061732,-0.1462286849272364,-0.4337097857121947,0.0342005556163725,-0.2690624282473337,0
-0.901196783663018,-0.0580488843770444,-0.3461802956309912,-0.2765275016332793,-0.2690624282473337,0
-0.5949257503391723,-0.5765590666959582,0.3370241698934018,0.7746579864381892,-0.2690624282473337,0
-1.243458594433933,-1.4915459513146825,2.155567838827208,0.0726638835858462,3.716609585790094,1
-1.852366640834542,-1.3317722666912624,2.211406401993087,0.1662851585599234,3.716609585790094,1
-1.0600803419657592,0.3334844306891379,-0.4038074955532481,-0.053229178658379,-0.2690624282473337,0
-0.0705296401846618,-0.0742768314336426,-0.654711237990661,0.2797759557007748,-0.2690624282473337,0
-0.6911574018821125,-1.1941926861305432,1.2166895476485946,0.6444246110004008,-0.2690624282473337,0
-1.554342038071384,-2.626291967712465,3.758846450920366,-1.031837915836824,3.716609585790094,1
-1.5595135284230013,-1.7423461456883484,2.5518228742075912,-0.1289088937903361,3.716609585790094,1
-1.2295864209907423,-0.4160711478480938,0.2251390356690544,0.932798856321659,-0.2690624282473337,0
-0.8472805024971659,0.2251901579469438,-0.6404511413543416,-0.6777546859133514,-0.2690624282473337,0
-0.3058114856818419,-0.3504638761764179,-0.3164753818501226,0.4856650666396164,-0.2690624282473337,0
-0.936383883555444,-1.5240018454278783,1.4052140342976345,0.8546588310589861,-0.2690624282473337,0
-1.627197155524917,-2.451688121388163,3.133251157967539,-0.1053608962429401,3.716609585790094,1
-1.4861342734338312,-1.7056628031822565,2.0254473460193005,0.8726435542367327,-0.2690624282473337,0
-1.061198502041785,-0.3434084693626301,-0.0309186801069309,1.059953247151417,-0.2690624282473337,0
-0.9413457188928068,0.2015641762027786,-0.880677145305564,-0.7205343474454844,-0.2690624282473337,0
-0.6598838622557758,0.2357758250920567,-0.782058292230726,-1.0889094373875396,-0.2690624282473337,0
-0.2934977478446117,-0.3289468457030956,-0.3420215244985126,0.3461323903373882,-0.2690624282473337,0
-0.6875932666397814,-1.4569933791679126,1.0020254024976467,0.5092322478917354,-0.2690624282473337,0
-1.1434880951367827,-1.8665103960667744,1.769412742231381,0.0893872781780601,-0.2690624282473337,0
-0.7589807989935311,-1.3522276621407558,0.884801399030204,0.7021004192498886,-0.2690624282473337,0
-0.4851189366232355,-0.3187176138236901,-0.3826184248949375,0.712023190517824,-0.2690624282473337,0
-0.4687448800099378,0.1863930912444042,-1.1602859769201384,-1.0920267894050155,-0.2690624282473337,0
-2.350681667215759,0.8107258526886985,-0.2051807589208448,-2.8017744728361142,3.716609585790094,1
-0.9668188031247616,0.2142635675443392,-0.5578720079968549,-0.741636422640707,-0.2690624282473337,0
-0.6244871073490951,-0.6795690289470332,0.3225791773525596,0.851560662746233,-0.2690624282473337,0
-0.9447700841256348,-1.915194237236569,1.83951140203358,0.1483004353821769,-0.2690624282473337,0
-1.5135641377988305,-2.515185078095966,2.630634753510426,-0.943161240755082,3.716609585790094,1
-0.818592708046638,-1.4827330851085254,0.8927056989485527,0.4044268730641904,-0.2690624282473337,0
-0.3397231842375512,-0.3677469807149526,-0.4321266145297184,0.7616370468575006,-0.2690624282473337,0
-0.1523924804981442,0.2816300032246716,-1.3452512174071147,-1.5546418287984625,-0.2690624282473337,0
-1.5124459777228052,0.5095031085320304,-0.5400549763972784,-1.875872964383918,-0.2690624282473337,0
-0.9037126438340752,-0.3539907272751681,-0.0213965410240077,0.460241861955554,-0.2690624282473337,0
-1.0231810594569195,-1.5705719624012258,1.2539229604218696,0.2772916659391554,-0.2690624282473337,0
-1.1725253146110686,-2.042171104489301,1.6183065642601386,-0.3961858598425525,-0.2690624282473337,0
-0.3688302887165888,-1.0076053873054125,0.1001956281877856,0.8490763729846137,-0.2690624282473337,0
0.1364382956374112,-0.1366998798803473,-0.897710680509725,0.5303175373453254,-0.2690624282473337,0
0.0564409306982654,0.3486555156475123,-1.4296099738456334,-1.5906112751539552,-0.2690624282473337,0
-1.8630939890639109,0.8770524724336815,-0.3665787051775863,-2.776979534481728,3.716609585790094,1
-1.2517749099993722,-0.2534626863386318,0.2794059836464905,0.5296974240901567,-0.2690624282473337,0
-1.055677586666409,-1.2897875675311767,1.0838187282609115,0.8732670246402279,-0.2690624282473337,0
-0.8120584601023643,-1.4481634667988812,0.7939019499691922,0.550162600288578,-0.2690624282473337,0
-0.0709943754662599,-0.2277127527002942,-0.7751246958111216,0.771559818125436,-0.2690624282473337,0
0.2970864503101301,0.4050953609252401,-1.4466435090497944,-0.8309365681259441,-0.2690624282473337,0
-0.0651170465666512,0.528543672462934,-1.4914114299323724,-2.502268882849376,-0.2690624282473337,0
-2.2079415450106348,1.238601587003481,-0.3901436882090147,-2.3372890222321816,-0.2690624282473337,0
-1.3649536751945732,0.1331408784242225,-0.2893453746596144,0.0701700019718655,-0.2690624282473337,0
-0.9872951095169776,-0.5709167867844729,-0.0661644619065859,0.6376048039713995,-0.2690624282473337,0
-0.5898940299970578,-0.6181857964356778,-0.4481663342470697,0.4596183915520588,-0.2690624282473337,0
-0.0851286176772691,0.0015615471953548,-1.0854262475764778,0.2642707263584669,-0.2690624282473337,0
0.0532681514825432,0.2714023054999248,-1.246447468427754,-0.295135695214521,-0.2690624282473337,0
-0.4283024277601923,0.2255481273673099,-1.085241351671955,-0.926423458384326,-0.2690624282473337,0
-1.6027024613594845,0.2647031634902156,-0.4372759654706779,-1.304102645117002,-0.2690624282473337,0
-2.429966205106438,1.1694623503841928,-0.2731068918449013,-1.327650642664398,-0.2690624282473337,0
-1.728041217381462,0.2590608835787302,-0.1966663025175708,0.0007249908748604,-0.2690624282473337,0
-1.3132387716783962,-0.3081348445262658,-0.1988434517933265,0.4186899575256885,-0.2690624282473337,0
-0.834456604125249,-0.2612220996791397,-0.6248043254341014,0.1650430136791137,-0.2690624282473337,0
-0.4206080887370422,0.1066852336428774,-1.0307895077899962,-0.0451720226747485,-0.2690624282473337,0
-0.4891303358959768,0.0125051837608339,-0.8620488829248938,-0.0129433987402268,-0.2690624282473337,0
-0.930548485658686,-0.0753336935318665,-0.4947046334154534,-0.0017688907391204,-0.2690624282473337,0
-1.1338090219786874,0.0100334901440201,-0.4246013512156413,-0.4526339109897727,-0.2690624282473337,0
-0.8067122572388675,-0.4700392995090078,0.2598070177670757,0.6072173360976609,-0.2690624282473337,0
-1.4107632958092406,-1.387138203707892,2.03970744265562,0.0069117356480051,-0.2690624282473337,0
-1.945383582158909,-1.2308760286366351,2.073381609266832,0.0515618083906238,3.716609585790094,1
-1.3037693535345556,0.362769738507663,-0.431532636436439,-0.3136959295339553,-0.2690624282473337,0
-0.3545108512429878,-0.0838056364805317,-0.6560979572745819,0.0211556364047804,-0.2690624282473337,0
-0.9775461513541308,-1.1497533395165185,1.2097559512289904,0.531558243448281,-0.2690624282473337,0
-1.72332397956073,-2.5906654873045976,3.673678774899561,-0.9834949799350414,3.716609585790094,1
-1.6889056147205714,-1.6425238158948197,2.438759028591911,-0.1369660497739665,3.716609585790094,1
-1.329976230316402,-0.3811520831995207,0.1661341301382222,0.8490763729846137,-0.2690624282473337,0
-0.509106964504219,0.1856941985665465,-0.5962841321614625,-0.2157151576615925,-0.2690624282473337,0
-0.1452091056872353,-0.5046072132023645,-0.0025833827388148,0.93156150736703,-0.2690624282473337,0
-0.7328088647140604,-1.7740861009608129,1.7793046731233495,1.1541931966028087,-0.2690624282473337,0
-1.298108668149677,-2.4972013762632863,3.268895415923064,0.4924896695947986,3.716609585790094,1
-1.053825634040492,-1.4922618901554143,1.7533499105259645,1.5845796120617337,-0.2690624282473337,0
-0.6123271165223183,-0.2823866155042157,-0.1505232183451044,1.412166065864404,-0.2690624282473337,0
-0.7371067925062833,0.235076932414199,-0.8513711444387032,-0.5053411397160218,-0.2690624282473337,0
-0.3479800975489517,0.1631080327577306,-0.707776362588699,-0.6058157932023656,-0.2690624282473337,0
-0.08088310363861,-0.4439382149154539,-0.1239883448472789,0.7027190937272032,-0.2690624282473337,0
-0.4258319928422236,-1.5948968368232486,1.1737243618351136,0.7337295524118189,-0.2690624282473337,0
-0.7983959416734282,-1.8746243695950733,1.8092115856799096,0.5104743927725451,-0.2690624282473337,0
-0.3769474320184859,-1.199494042784537,0.7277554401261674,1.2701586916529175,-0.2690624282473337,0
-0.1543516367213503,-0.2181890615022675,-0.4749022820410636,0.9241182299345334,-0.2690624282473337,0
-0.2560393852977591,0.2163772917407869,-1.1533523805005343,-0.969203119916459,-0.2690624282473337,0
-1.986965159986105,0.8040267106789892,-0.3727172492077426,-2.7298355801251284,3.716609585790094,1
-0.6605477698009159,0.0400176906404029,-0.435889246186757,-0.2393111144707959,-0.2690624282473337,0
-0.3855747358550698,-0.8030173404847272,0.5310955336781252,1.0388463760300135,-0.2690624282473337,0
-0.6955950996838385,-2.055569388508719,1.8955579730920475,-0.0309281219179734,-0.2690624282473337,0
-1.1675984217760815,-2.37445195740345,2.427064362630845,-0.7608680866254437,3.716609585790094,1
-0.4404763955879194,-1.303543820970961,0.6883495004747499,0.7145026843532626,-0.2690624282473337,0
0.0197303377022549,-0.2139564992605098,-0.5992655786218923,0.7523329500668798,-0.2690624282473337,0
0.1046266414744872,0.2943293945662322,-1.3446503057174155,-1.4256793737985682,-0.2690624282473337,0
-1.1742025547251067,0.3655823553819683,-0.4323253776270804,-1.3735476562140072,-0.2690624282473337,0
-0.6417137610203622,-0.56033111963936,0.2061409814793387,0.550162600288578,-0.2690624282473337,0
-0.779841472911881,-1.708833389476928,1.3109633469671471,-0.0203770843203621,-0.2690624282473337,0
-0.761042406633703,-1.907779156386128,1.457308455396928,-0.262859112018192,-0.2690624282473337,0
0.0374566691574959,-0.9155390616198166,0.0673072691707961,1.0884410486649674,-0.2690624282473337,0
0.5539138427722256,-0.0097230126276157,-1.022862095883582,0.5619457113220194,-0.2690624282473337,0
0.2732906061922135,0.3616958302465645,-1.399911069181662,-1.3159006235216038,-0.2690624282473337,0
-1.6320541633551524,0.7433594170083662,-0.2901381158502559,-2.099171287358818,-0.2690624282473337,0
-1.0414210456970847,-0.4573416127837346,0.4499031196045592,0.5613255980668508,-0.2690624282473337,0
-0.7669127470328367,-1.40478098228308,1.0828249127741016,0.6289241775842738,-0.2690624282473337,0
-0.3441084682857135,-1.2061931847942462,0.4683233740926412,0.5855119333889023,-0.2690624282473337,0
0.3904178741558793,-0.1726860343248689,-0.782058292230726,0.8745043735948568,-0.2690624282473337,0
0.6799514488417192,0.4512904623153465,-1.479716763971307,-0.8296896273189536,-0.2690624282473337,0
0.1570089467860419,0.4883317742418045,-1.4460425973600952,-2.1208488736957287,-0.2690624282473337,0
-2.070897050692765,1.0692820511702978,-0.2624129749670649,-1.852948437240017,-0.2690624282473337,0
-1.163265551481483,-0.0234792660674001,-0.1673579904519036,0.338070438427577,-0.2690624282473337,0
-0.6510434091546995,-0.7095532294434158,0.0241340754647268,0.85776179529792,-0.2690624282473337,0
-0.0061096428046456,-0.4873241086638298,-0.5747206472964932,0.7145026843532626,-0.2690624282473337,0
0.3999571773044715,0.0516602198837396,-1.047407027208981,0.5042732602208582,-0.2690624282473337,0
0.4531047234180561,0.3024433680945313,-1.2541668724415802,-0.2647295232286775,-0.2690624282473337,0
-0.2373800890290844,0.2269629588858999,-1.0355274653433926,-0.7719946353647429,-0.2690624282473337,0
-1.4216304140481133,0.3557126270775876,-0.409550824587487,-1.3121598011006326,-0.2690624282473337,0
-2.3059902066771163,1.0262575360748627,-0.1841904513598962,-1.005172566271952,-0.2690624282473337,0
-1.52453608354483,0.1288963838684526,-0.1443846743149481,0.1855120266184795,-0.2690624282473337,0
-0.9319811282560936,-0.3659844074737212,-0.1972602806108502,0.5873722731544083,-0.2690624282473337,0
-0.3278287564288306,-0.1730388898963727,-0.7030384050353028,0.2878379076105859,-0.2690624282473337,0
-0.0631113469302805,0.0848150066747939,-0.9834561562321644,0.2729513527455925,-0.2690624282473337,0
-0.1915285374115658,-0.015365292539101,-0.8390755667879383,0.2884565820879004,-0.2690624282473337,0
-0.7209982989110416,-0.1391715734971611,-0.4087580833968455,0.2729513527455925,-0.2690624282473337,0
-0.8003876643088486,-0.1116590666175922,-0.2637996942509858,0.0459985340209742,-0.2690624282473337,0
-0.6025432158570956,-0.736008874224761,0.730320870801421,0.7889210708996872,-0.2690624282473337,0
-1.1697997994257563,-1.6305233172311169,2.407858300548541,0.1563623872919881,3.716609585790094,1
-1.6853065369758644,-1.2658036163666455,2.2015144711011185,0.3647357879924491,3.716609585790094,1
-0.8731030117528786,0.3288990128758763,-0.5105479012342492,-0.0216240251273525,-0.2690624282473337,0
-0.0898388669975263,-0.2058425257322106,-0.4449976806833105,0.5631860337508804,-0.2690624282473337,0
-0.7595398790315439,-1.4915459513146825,1.741678356552964,0.8869066386982307,-0.2690624282473337,0
-1.3365803632654276,-2.673203007943304,3.8166726450598656,-0.4141705830202991,3.716609585790094,1
-1.2485252572784231,-1.5377580988676631,2.3056802013116395,0.5203952456700082,3.716609585790094,1
-0.8968988558707952,-0.3349433448791146,0.1237467440263748,1.2093943069430386,-0.2690624282473337,0
-0.7741458450246262,0.259759776256588,-0.6073778864328293,-0.5803973844444836,-0.2690624282473337,0
-0.1562174615207106,-0.301786853471773,-0.3721232711144632,0.5644263561797415,-0.2690624282473337,0
-0.7435012704410539,-1.486619610243929,1.323443820522435,1.1994667397489225,-0.2690624282473337,0
-1.3758557359358212,-2.400549632764429,2.9942325497544737,0.2648894008357814,3.716609585790094,1
-1.2445068695052068,-1.7963142973492623,2.0862549866192306,1.0264441109266398,3.716609585790094,1
-0.8857521976129166,-0.407958878936082,0.0671223732662733,1.3966752243006384,-0.2690624282473337,0
-0.7475546007166461,0.1493517793179462,-0.8313561627741123,-0.3639572359080308,-0.2690624282473337,0
-0.6046397659996433,0.2322472693770191,-0.735117844470005,-1.0033501143232737,-0.2690624282473337,0
-0.1879832711205176,-0.258400959723397,-0.4026195393666892,0.4943504889529229,-0.2690624282473337,0
-0.5153966149318621,-1.414309787329969,0.9503469971835296,0.943963772470404,-0.2690624282473337,0
-0.9274036604448644,-1.877794955889745,1.7531650146214417,0.4242724156000611,-0.2690624282473337,0
-0.5311906260057216,-1.4012524265680426,0.910941057532112,0.9464432663058427,-0.2690624282473337,0
-0.3339856253474457,-0.3656315519022174,-0.3220204100267608,0.926597723769972,-0.2690624282473337,0
-0.2828612501214196,0.1934502026744795,-1.1313728798503886,-0.7744885169787237,-0.2690624282473337,0
-2.391354739981184,0.7737015869251149,-0.0762644006911428,-2.613246614671524,3.716609585790094,1
-0.9420096264379472,0.2393043808070943,-0.5309442307019184,-0.8290661569154585,-0.2690624282473337,0
-0.5701515161547334,-0.5388188620916425,0.1964339464918928,0.9309380369635348,-0.2690624282473337,0
-0.7873890534250527,-1.8277133293642351,1.686024689291607,0.4565202232393057,-0.2690624282473337,0
-1.3390263384317331,-2.539526998680864,2.690448578623546,-0.7440823449928805,3.716609585790094,1
-0.6486673189931454,-1.5370592061898054,0.9780582708738814,0.710785841563195,-0.2690624282473337,0
-0.2305243700629533,-0.4418210814864313,-0.3043954390480075,1.1343380622145764,-0.2690624282473337,0
0.0147405483629913,0.2826868653228954,-1.3409061636508297,-1.267509728358014,-0.2690624282473337,0
-1.489418868657156,0.5507718688513839,-0.4770794313168195,-2.043970177018589,-0.2690624282473337,0
-0.839069014438854,-0.2901460288447237,-0.0384300762281688,0.3827205111701956,-0.2690624282473337,0
-0.9170257372392532,-1.424537485054716,1.067963904448083,0.4608605364328685,-0.2690624282473337,0
-0.9698937433338316,-2.022056632297299,1.6321737570993473,-0.3379153567466539,-0.2690624282473337,0
-0.1546781394635497,-1.00830427998327,0.0882929543341316,1.000397435839082,-0.2690624282473337,0
0.3165843666358238,-0.1448138534086464,-0.868381567654799,0.7523329500668798,-0.2690624282473337,0
0.2743388812634874,0.3380698485023994,-1.442483351198032,-1.3611741666677175,-0.2690624282473337,0
-1.9134111924850563,0.9535897437405368,-0.3576667225795883,-3.038069755760799,3.716609585790094,1
-1.2319625111522965,-0.2217159126010177,0.2982191419316833,0.4465974519713704,-0.2690624282473337,0
-0.9589916825925836,-1.216420882518993,0.9744990247118176,1.000397435839082,-0.2690624282473337,0
-0.5887059849162807,-1.440407462690948,0.7861594339673007,0.5445811013994416,-0.2690624282473337,0
0.109431235551159,-0.2756840642619317,-0.7081923783738753,0.9625671701254652,-0.2690624282473337,0
0.4312307169308082,0.3916800307429473,-1.375943937557896,-0.5872075996211238,-0.2690624282473337,0
0.066658118392948,0.5613575359964968,-1.532204088867711,-2.3751288797981607,-0.2690624282473337,0
-2.2732141394486205,1.2590569824529745,-0.4275712416820384,-2.4942117268657453,-0.2690624282473337,0
-1.3850456140606555,0.1648808336966868,-0.2909285458420907,-0.0191301435133716,-0.2690624282473337,0
-0.8663591087943501,-0.5656324762933538,-0.0590228575943935,0.735590371769943,-0.2690624282473337,0
-0.3994748633001612,-0.6266577393843431,-0.4063821710237278,0.5011702959819243,-0.2690624282473337,0
0.1066777663639463,0.0012035777749887,-1.0454425082234264,0.4621026813136782,-0.2690624282473337,0
0.139656500106222,0.2682317192052533,-1.1658328540558218,-0.109053759402104,-0.2690624282473337,0
-0.3502164177010026,0.2223775410726384,-1.091366028509272,-0.7806752617518685,-0.2690624282473337,0
-1.4422464904498324,0.2241332958487199,-0.4869806070040144,-1.0703012438062978,-0.2690624282473337,0
-2.51529579590813,1.1775763239124917,-0.3410314069297931,-1.225977007632871,-0.2690624282473337,0
-1.7550867142203277,0.2629303625512594,-0.1725050301940565,0.1061298564749969,-0.2690624282473337,0
-1.1999551789760678,-0.2721572131631815,-0.2226071979221169,0.5935738852987134,-0.2690624282473337,0
-0.6722535080968073,-0.3010811423287654,-0.5953134286627179,0.3275241967561465,-0.2690624282473337,0
-0.3187786483134996,0.073172477431457,-1.0157204915713895,0.0602424347777494,-0.2690624282473337,0
-0.460956196230373,-0.0435937382594022,-0.8343376092345421,0.186130701095794,-0.2690624282473337,0
-0.8977374759278144,-0.1240175347016613,-0.4550976194678674,0.1712441462308007,-0.2690624282473337,0
-0.9644077704608316,0.029789992915656,-0.4349000530975602,-0.2436274480334551,-0.2690624282473337,0
-0.6531050167948714,-0.4940249552898265,0.2184134471420383,0.7498534562314412,-0.2690624282473337,0
-1.2343036588114746,-1.4566354097475465,2.1094131986607083,0.1327952060398691,3.716609585790094,1
-1.8096319604289444,-1.3786833069221012,2.305287297514529,0.0453750636174789,3.716609585790094,1
-1.1631257814719795,0.338768741180257,-0.3703413368346249,0.0007249908748604,-0.2690624282473337,0
-0.1683920583134805,-0.0654639652274858,-0.6523307032199301,0.1954347978864148,-0.2690624282473337,0
-0.7534249411157797,-1.1398836112121375,1.1087565633834215,0.7510956011122508,-0.2690624282473337,0
-1.4906767987426846,-2.5508115585038342,3.592694368718583,-0.5450514084924861,3.716609585790094,1
-1.4549655613146215,-1.7758589018997688,2.5306291811516672,0.1024082177587486,3.716609585790094,1
-1.1687515243544826,-0.4284176836181507,0.2752458257947278,1.22119228534764,-0.2690624282473337,0
-0.4988792940588237,0.1511245802569023,-0.6119309480817028,-0.190920219307206,-0.2690624282473337,0
-0.2162049325893525,-0.5268354095908143,-0.0073444522802764,0.912334639308474,-0.2690624282473337,0
-0.8339674090919879,-1.8058431023961512,1.7891966040153184,1.0115575560616463,-0.2690624282473337,0
-1.4036699678269544,-2.4548587076828348,3.1142299917897582,0.3349674741886432,3.716609585790094,1
-1.2010733390520931,-1.45486260880859,1.672966416034686,1.4332681410596266,-0.2690624282473337,0
-0.8016106518920014,-0.2725100687346852,-0.1479485428746247,1.240999460474065,-0.2690624282473337,0
-0.948159506856087,0.236491763932789,-0.8481816900856853,-0.6213066347661311,-0.2690624282473337,0
-0.3333322005530183,0.1634660021780968,-0.745217783254562,-0.5239493332972636,-0.2690624282473337,0
-0.1056992688258998,-0.5109654319545821,-0.0946846551792248,0.7945035289740597,-0.2690624282473337,0
-0.472990394048597,-1.672508016391202,1.240448671379772,0.724425455621198,-0.2690624282473337,0
-0.8560860130958663,-1.92223430250377,1.8304052787358327,0.5110930672498597,-0.2690624282473337,0
-0.4827847774645324,-1.1949086249712757,0.7218156591933731,1.2255086189102993,-0.2690624282473337,0
-0.298347767174372,-0.2330038816565632,-0.4485638604417936,0.8763651929529809,-0.2690624282473337,0
-0.441318509895176,0.2509469100504312,-1.174546073556458,-1.09696659337117,-0.2690624282473337,0
-1.846705955449663,0.8124986536276546,-0.3828171879922995,-2.5940149506867867,-0.2690624282473337,0
-0.6027528708713503,0.038960828542179,-0.4366819873773985,-0.1096772298055992,-0.2690624282473337,0
-0.3864168501623266,-0.875327163398687,0.5528901384237479,1.1281513174414315,-0.2690624282473337,0
-0.7747049250626391,-2.160693074956242,2.0349694851022244,0.0788506283589911,-0.2690624282473337,0
-1.2061749443989591,-2.4114762231670337,2.43637849382118,-0.4755584381336736,3.716609585790094,1
-0.5409046416661928,-1.3208286301257832,0.7281483439232783,0.8900096029371647,-0.2690624282473337,0
-0.114515262175313,-0.2587538152949008,-0.553718783741512,0.7659773600510635,-0.2690624282473337,0
-0.1149345722038225,0.3112562343006881,-1.352392821719307,-1.5372805760242112,-0.2690624282473337,0
-1.10844076525386,0.3430132357360269,-0.4404446190344371,-1.1838208165042337,-0.2690624282473337,0
-0.587972192366389,-0.6136003786224163,0.2552539561182022,0.8081479389582434,-0.2690624282473337,0
-0.8000731817874664,-1.799484883643934,1.4482023320991808,0.2407035451063479,-0.2690624282473337,0
-0.8040915695606828,-1.9624462007249,1.4705747365464372,0.0918667720134988,-0.2690624282473337,0
-0.0986094350938509,-0.8978962830446284,-0.0089391794567854,1.211264718153524,-0.2690624282473337,0
0.3710597278396887,0.0086186586254301,-1.0335629463578375,0.5017889704592388,-0.2690624282473337,0
0.081442291148147,0.376866915204939,-1.3826926380729778,-1.4256793737985682,-0.2690624282473337,0
-1.5511622703551862,0.6689358698979586,-0.2002301710772474,-1.807674894093904,-0.2690624282473337,0
-0.9908243022569332,-0.4591058906412534,0.3699125289103914,0.9259790492926576,-0.2690624282473337,0
-0.7838948031874733,-1.4792045293934877,1.2160886359588956,0.9917168094519564,-0.2690624282473337,0
-0.4033954120667254,-1.273218697217087,0.6089367094822158,0.9935776288100808,-0.2690624282473337,0
0.2004354887386803,-0.1374158187210796,-0.8582816288702421,0.845359530194546,-0.2690624282473337,0
0.468828849487164,0.4893886363400284,-1.513783834379629,-0.991552135918672,-0.2690624282473337,0
-0.0602670272368908,0.5059745528169928,-1.4636770442539555,-2.230627623972693,-0.2690624282473337,0
-1.9609329957161377,1.0456560694261323,-0.3164753818501226,-1.5968459791889076,-0.2690624282473337,0
-1.1001943346931722,-0.0471052478115653,-0.1334943055385564,0.5166740865463779,-0.2690624282473337,0
-0.67655143588903,-0.7035529801115644,0.0443339530338406,0.9892325196903372,-0.2690624282473337,0
-0.1609755121842179,-0.5000217953891031,-0.5440140599528724,0.8720248797594182,-0.2690624282473337,0
0.1551919366625005,0.0604730860898964,-1.0442406848440284,0.503649789817363,-0.2690624282473337,0
0.2159150172911576,0.304557092290979,-1.2880259349573142,-0.3688970398741851,-0.2690624282473337,0
-0.4517663181055389,0.2086212876328539,-1.022654087990994,-0.8489212913036905,-0.2690624282473337,0
-1.5392818195474158,0.361354906989073,-0.409550824587487,-1.307843467537973,-0.2690624282473337,0
-2.2110164852197047,0.9800453885218818,-0.1982494737000471,-0.8377467833025841,-0.2690624282473337,0
-1.474743017659322,0.1034976011853313,-0.1340882836318358,0.4118653545705064,-0.2690624282473337,0
-1.0013070529696717,-0.367041269571945,-0.1645845518840619,0.7610183723801862,-0.2690624282473337,0
-0.447660574076383,-0.1882065656221722,-0.7059967395076672,0.4683038138653652,-0.2690624282473337,0
-0.2621054037101972,0.1267826596720049,-0.968202244109035,0.245667328703406,-0.2690624282473337,0
-0.3663109342952939,-0.0315932395956993,-0.8236367587602862,0.1910896887666713,-0.2690624282473337,0
-0.8916225380120502,-0.1240175347016613,-0.4499482685269079,0.1638056647244847,-0.2690624282473337,0
-0.8700280715438086,-0.1162444844308537,-0.2838008087227375,0.0372699483720412,-0.2690624282473337,0
-0.7016052100924753,-0.7024961180133407,0.6576567803239683,0.694657141817392,-0.2690624282473337,0
-1.284585919730244,-1.555042908022485,2.3642922030453613,0.1067485309523114,3.716609585790094,1
-1.84789400053044,-1.1765669537182295,2.0781426788082933,0.3058226307883324,3.716609585790094,1
-0.9645824829727108,0.2996307512202259,-0.4877733481946558,-0.0377383370946134,-0.2690624282473337,0
-0.1967070162636587,-0.2224216237440252,-0.4158881317150052,0.5321783567034496,-0.2690624282473337,0
-0.8569246331528855,-1.4707496326076972,1.757117164580616,0.6084575626079983,-0.2690624282473337,0
-1.4472782107919469,-2.656975060886706,3.7362660385805215,-0.6951159386876027,3.716609585790094,1
-1.4141177760373171,-1.4400494932705818,2.1054610487015344,0.3256633773980223,3.716609585790094,1
-1.074266997930332,-0.2947314466579851,0.0882929543341316,1.0270627854039542,-0.2690624282473337,0
-0.4443969443544837,0.1793359798143289,-0.6240185178398795,-0.1419538130019282,-0.2690624282473337,0
-0.0446407401744351,-0.494730666432834,-0.0736989700158892,0.9855156769002696,-0.2690624282473337,0
-0.6608273098199222,-1.7638584032360656,1.7183121366188976,1.02520196604583,-0.2690624282473337,0
-1.2537666326347927,-2.547640972209163,3.296629801601481,0.2431830389417866,3.716609585790094,1
-1.042364493261231,-1.511660423506684,1.7083970937388635,1.2937546484621212,-0.2690624282473337,0
-0.6330829629335407,-0.2940257355149776,-0.1174522746223986,1.3185495868165078,-0.2690624282473337,0
-0.7520272410207479,0.2386054881292367,-0.8543294789110678,-0.4935431613114201,-0.2690624282473337,0
-0.3024045917002019,0.1705231136081721,-0.7394628982262905,-0.4979074541358866,-0.2690624282473337,0
-0.0242552842883961,-0.46580673726725,-0.1451774155055895,0.9179170973828464,-0.2690624282473337,0
-0.3491926023813918,-1.67603657210624,1.225402767149231,0.9172936269793512,-0.2690624282473337,0
-0.7148833609952775,-1.958917645009862,1.846837902250296,0.5997754974430185,-0.2690624282473337,0
-0.2851010645237081,-1.272161835118863,0.7768684147650309,1.302435274849247,-0.2690624282473337,0
-0.1133971020992875,-0.287324888888981,-0.436088009284119,1.0258254364493251,-0.2690624282473337,0
-0.2503507459109796,0.2315483766991613,-1.148614422947138,-0.9208601840146764,-0.2690624282473337,0
-1.9444750770971384,0.8079132358143931,-0.338258892841474,-2.56672613071842,-0.2690624282473337,0
-0.6430765186130182,0.0689279828756872,-0.4295519390592388,-0.1543273025482178,-0.2690624282473337,0
-0.3999430928319969,-0.9010839155021744,0.6257622367937888,1.2819566700575196,-0.2690624282473337,0
-0.6729174156419474,-2.1194243146368885,1.9654486250016587,0.3194622448463353,-0.2690624282473337,0
-1.0869511262927458,-2.509542798184481,2.601328752643566,-0.3546531391174099,3.716609585790094,1
-0.3748019623726121,-1.3994966717919608,0.7790409416431736,1.0909349302789484,-0.2690624282473337,0
0.0252337818264427,-0.2813280487897044,-0.5210430550147235,1.0214803273295818,-0.2690624282473337,0
0.0691774728142428,0.3161996215343157,-1.360690025434767,-1.3810293010559498,-0.2690624282473337,0
-1.1977887438287684,0.3902822453872318,-0.4630204089766686,-1.34069556187599,-0.2690624282473337,0
-0.6669073052333107,-0.5931449831729227,0.2362327899404213,0.7994673125711177,-0.2690624282473337,0
-0.7533201136086523,-1.823826804228832,1.5161284650232372,0.3424107516211399,-0.2690624282473337,0
-0.6998930274760613,-2.0097152103761045,1.5473989848756526,0.0422577116000029,-0.2690624282473337,0
0.1043016762023923,-0.9684503511825068,0.0461135761148724,1.3160557052025268,-0.2690624282473337,0
0.5492664899562448,-0.0188938482541387,-1.0103816223282942,0.6611719852235184,-0.2690624282473337,0
0.2509623471740803,0.3415984042174369,-1.379318287815437,-1.294175077922886,-0.2690624282473337,0
-1.6816026317240302,0.7091477681190882,-0.1944868420430085,-2.06133142979284,-0.2690624282473337,0
-1.0614430995584152,-0.5053061058802222,0.5734829197899726,0.9334223267251542,-0.2690624282473337,0
-0.7863407783537788,-1.4869605335014204,1.222236424784278,1.1207176318612964,-0.2690624282473337,0
-0.4068931565545426,-1.299674341998432,0.5584370155594313,1.0512726207642915,-0.2690624282473337,0
0.3466349186790078,-0.2114865102599834,-0.7951165654876473,1.0530950727129695,-0.2690624282473337,0
0.6109749491518993,0.4502336002171227,-1.4767584294989422,-0.7465762266068613,-0.2690624282473337,0
0.1019675170436892,0.5017471044240974,-1.4357577626710158,-2.156818320051221,-0.2690624282473337,0
-2.1254772394037578,1.059770292286283,-0.2964731117789676,-1.844267810852892,-0.2690624282473337,0
-1.2107873547125645,-0.0224224039691763,-0.1562665473793433,0.3430294260984543,-0.2690624282473337,0
-0.7395178251702131,-0.6816827531434808,0.0393879875878562,0.901793193563224,-0.2690624282473337,0
-0.2001104159950611,-0.5215340529368204,-0.5465887354233522,0.8379162527620494,-0.2690624282473337,0
0.2704602634997741,0.0322446403695952,-1.065226370007364,0.6220995746290916,-0.2690624282473337,0
0.3509328464712306,0.2893860073326045,-1.264058803333549,-0.2052120793257885,-0.2690624282473337,0
-0.2985329624369637,0.2026210383010025,-1.0109825340179934,-0.72921497383261,-0.2690624282473337,0
-1.5168487330221554,0.3250124877404726,-0.3990556708070127,-1.271250550778985,-0.2690624282473337,0
-2.380871989268446,1.040013789514647,-0.2285492900537177,-0.9841184503385368,-0.2690624282473337,0
-1.6034013114070005,0.1475960245418647,-0.1689411616343799,0.2152755444961048,-0.2690624282473337,0
-1.0944637643035418,-0.3419978993847588,-0.1841904513598962,0.5898527261750831,-0.2690624282473337,0
-0.5245864930566964,-0.189970843479691,-0.7188701168600659,0.3362096190694529,-0.2690624282473337,0
-0.2600997040738265,0.0967984591756222,-1.008786895151785,0.2431830389417866,-0.2690624282473337,0
-0.3302991913467993,-0.023121296647034,-0.8460091632075426,0.2338837380773465,-0.2690624282473337,0
-0.8504602702133631,-0.1550500742148305,-0.3927183636794943,0.2245796412867257,-0.2690624282473337,0
-0.833268559044472,-0.0576909149566782,-0.3160792423746826,0.0224025772117708,-0.2690624282473337,0
-0.6580668521322344,-0.6428856864409414,0.6037827361436432,0.8248905172551803,-0.2690624282473337,0
-1.269560643708652,-1.616767063791332,2.416178616252066,0.2828741240135279,3.716609585790094,1
-1.789854504084244,-1.2908444296294006,2.2084480675207225,0.4000865598706276,3.716609585790094,1
-0.8645770411731847,0.3303138443944663,-0.4733167996597809,-0.0030158315461108,-0.2690624282473337,0
-0.062692036901771,-0.2005513967759416,-0.4836155015416997,0.577449501886473,-0.2690624282473337,0
-0.7703720547680404,-1.4270091786715298,1.6325666608964582,0.7138840098759481,-0.2690624282473337,0
-1.4131743284731706,-2.6538044745920346,3.742205819513316,-0.6349750243812184,3.716609585790094,1
-1.3292074952641346,-1.5596283258357468,2.317744659081751,0.2865957627297762,3.716609585790094,1
-0.981424769117844,-0.3434084693626301,0.1201874978643112,1.1052267902975308,-0.2690624282473337,0
-0.917584817277266,0.250588940630065,-0.6099664290961482,-0.7162180138828252,-0.2690624282473337,0
-0.2988614219592962,-0.351875298462433,-0.3127127501930841,0.5179143130567153,-0.2690624282473337,0
-0.9565806499286535,-1.5624579888729264,1.5129390106702194,1.0022582551972063,-0.2690624282473337,0
-1.5609461710204091,-2.507429073988033,3.283363520451972,0.1017895432814341,3.716609585790094,1
-1.3397601309816247,-1.7257602292113838,2.061109143604132,1.031403098597517,3.716609585790094,1
-0.8562257831053695,-0.409723156793601,-0.018623102456166,1.3538955627685054,-0.2690624282473337,0
-0.751992298518372,0.1511245802569023,-0.8763089795612132,-0.5661055244259012,-0.2690624282473337,0
-0.7283362244099586,0.2470603849150273,-0.7265895208738918,-1.1490503516939237,-0.2690624282473337,0
-0.3012864316241764,-0.2700400797341589,-0.4044014736465276,0.3876794988410729,-0.2690624282473337,0
-0.7105504907006789,-1.4516920225139187,1.0142978681603465,0.712023190517824,-0.2690624282473337,0
-1.0629106846581986,-1.9190637162090989,1.93692843172902,0.4261332349581853,-0.2690624282473337,0
-0.6878728066587877,-1.4298217955458352,1.0038050255786786,0.9793097484224018,-0.2690624282473337,0
-0.3412152290889977,-0.3419978993847588,-0.3770738589580606,1.060528758293105,-0.2690624282473337,0
-0.3272696763908178,0.159579477042693,-1.1688143005162517,-0.926423458384326,-0.2690624282473337,0
-2.454041589243361,0.8340109111753721,-0.1291376957882384,-3.0529371269210697,3.716609585790094,1
-1.016087731474633,0.1458232236029085,-0.4713361022825806,-0.8098344929307215,-0.2690624282473337,0
-0.6447887012294321,-0.6520565220674642,0.2546530444285033,0.8478390240299847,-0.2690624282473337,0
-0.9671682281485195,-1.9158931299144268,1.8072239547062896,0.1774500747086684,-0.2690624282473337,0
-1.4591237190973414,-2.536697335643684,2.6736230513119725,-0.7267210922186292,3.716609585790094,1
-0.7493716108401874,-1.5384740377083954,1.0115244295925043,0.6407077682103333,-0.2690624282473337,0
-0.2489041263126217,-0.435471385815651,-0.4238086100249999,0.9879951707357082,-0.2690624282473337,0
-0.0393224913128391,0.2389464113867282,-1.368617437341181,-1.3636200890198908,-0.2690624282473337,0
-1.626533247979777,0.4805757701338715,-0.4402458559370751,-1.941001641918264,-0.2690624282473337,0
-0.9644077704608316,-0.442173937057935,0.131674155932789,0.3455089199338929,-0.2690624282473337,0
-1.0235654269830532,-1.5952548062436147,1.267189241571379,0.2512449908515978,-0.2690624282473337,0
-1.1205658135782608,-2.1169526210200744,1.7588967876616477,-0.3769541958578156,-0.2690624282473337,0
-0.2816487452889795,-1.083801735354776,0.1601943492054278,1.012799700942456,-0.2690624282473337,0
0.1977449160557441,-0.1716274676103577,-0.869976294831308,0.765358685573749,-0.2690624282473337,0
0.1821535714956642,0.3295979055537341,-1.4664504828217972,-1.4213150809741018,-0.2690624282473337,0
-1.9744906866379464,0.9119630140008173,-0.310336375580205,-2.940712454291932,3.716609585790094,1
-1.3159642868637085,-0.3300050714943494,0.3578249591522147,0.3448902454565785,-0.2690624282473337,0
-1.0520435664193264,-1.3123737333399927,1.062833043097576,0.5830310007756093,-0.2690624282473337,0
-0.7131362358764878,-1.445691773182067,0.7754816954811102,0.1079906758331211,-0.2690624282473337,0
0.0905413187668041,-0.2961428689440002,-0.7394628982262905,0.7337295524118189,-0.2690624282473337,0
0.4498201281947314,0.3486555156475123,-1.4224914815215062,-0.6392913579438776,-0.2690624282473337,0
0.0824696007179953,0.5013891350037313,-1.531603177178012,-2.3670717238145302,-0.2690624282473337,0
-2.3698651010200704,1.2572841815140186,-0.3234066670709203,-2.6932426633661404,3.716609585790094,1
-1.4854354233863154,0.0883435623898315,-0.1693363766302973,0.0391403595825269,-0.2690624282473337,0
-0.9237696401977818,-0.6876830024753323,0.0696878039415269,0.7771422761998085,-0.2690624282473337,0
-0.4628221258572405,-0.7024961180133407,-0.3386550323169141,0.6084575626079983,-0.2690624282473337,0
0.1030402518666261,-0.0305363774974755,-1.065434377899952,0.4906288502366745,-0.2690624282473337,0
0.1877024408729405,0.2580040214805065,-1.2440669336570231,-0.2603652304042111,-0.2690624282473337,0
-0.2776827712693267,0.2188489853576007,-1.113761544944594,-0.9661337271607902,-0.2690624282473337,0
-1.5028717320718372,0.2749308612149624,-0.4154906055202813,-1.2911056851672171,-0.2690624282473337,0
-2.587731603333154,1.2075605244088743,-0.2762755454086604,-1.6321919551409052,-0.2690624282473337,0
-1.8142094282401733,0.2065075634364062,-0.0782520316647627,-0.0613342939038167,-0.2690624282473337,0
-1.275710524126792,-0.3497581650334104,-0.1012137918076854,0.5824108875204407,-0.2690624282473337,0
-0.7689743546730086,-0.3391760775825011,-0.5018346817336131,0.3827205111701956,-0.2690624282473337,0
-0.3639802693868283,0.0975143980163545,-0.9893959371649588,0.129697037727116,-0.2690624282473337,0
-0.4686505352535232,0.0202611878687669,-0.8733506450888489,-0.0507832563062054,-0.2690624282473337,0
-0.8809650747874326,-0.107789587645063,-0.4750987339396191,-0.0457954930782437,-0.2690624282473337,0
-1.301113723353995,-0.018194955576281,-0.2849887649092964,-0.5872075996211238,-0.2690624282473337,0
-0.930897910682444,-0.5391768315120088,0.3663301707602626,0.7349716972926286,-0.2690624282473337,0
-1.4100295032593493,-1.445691773182067,2.105853952498645,0.4819434279233681,3.716609585790094,1
-1.919561072903196,-1.3144874575364405,2.2720060347004285,0.3734164143795748,3.716609585790094,1
-1.4046483578934763,0.3468827147085562,-0.3449921083245517,-0.4563747334107439,-0.2690624282473337,0
-0.4126307154446481,-0.0294795153992516,-0.6719527810874103,0.0050413244375196,-0.2690624282473337,0
-0.9460629567135392,-1.1338833618802862,1.1406511069136014,0.6140376227192805,-0.2690624282473337,0
-1.6387281813089294,-2.552226390022424,3.628125046422761,-0.7831691433658493,3.716609585790094,1
-1.5610859410299125,-1.7409313141697584,2.5750041982371346,-0.1636313993388387,3.716609585790094,1
-1.2110668947315706,-0.4400585082451999,0.2986120457287943,0.971871266916086,-0.2690624282473337,0
-1.0272693322348874,0.2788173863503662,-0.6438254916118824,-0.8055181593680624,-0.2690624282473337,0
-0.446213954478025,-0.3187176138236901,-0.3142970769749637,0.4496956202841235,-0.2690624282473337,0
-1.0525677039549632,-1.4986030627447575,1.4163077885690012,0.8999323742051,-0.2690624282473337,0
-1.6938674500579345,-2.530697086311832,3.2916838361554968,-0.2454978592439407,3.716609585790094,1
-1.4686630222459336,-1.7388175899733107,2.054568450981639,0.7430336492024396,-0.2690624282473337,0
-1.0197217517217156,-0.3938497699247938,0.0166226793434889,1.0971216750520931,-0.2690624282473337,0
-0.8450092398427391,0.1659376957949106,-0.860269259843862,-0.5772800324270076,-0.2690624282473337,0
-0.8598248608500764,0.303142260772389,-0.7747317920140109,-1.3059730563274876,-0.2690624282473337,0
-0.4424820952242901,-0.2143093548320135,-0.4396518778437956,0.3076834501464566,-0.2690624282473337,0
-0.7807499779736515,-1.40761064532026,0.9711246744542772,0.7647352151702538,-0.2690624282473337,0
-1.1739230147061004,-1.9398770810789585,1.9305957469991144,0.2717140037909636,-0.2690624282473337,0
-0.7967187015593901,-1.4488794056396133,0.9774804711722476,0.8242718427778658,-0.2690624282473337,0
-0.460956196230373,-0.3310632972856032,-0.373311227301022,0.827993481494114,-0.2690624282473337,0
-0.4015749076929465,0.1786370871364712,-1.1575125383522968,-0.9481490039830438,-0.2690624282473337,0
-2.5104387880778947,0.8657508664478363,-0.1699303547235768,-3.0789790060824465,3.716609585790094,1
-1.12447937384435,0.2333041314752429,-0.5428261037663136,-0.9481490039830438,-0.2690624282473337,0
-0.7372465625157865,-0.5585753648632784,0.1348404982977416,0.8112509031971772,-0.2690624282473337,0
-1.0065833708284166,-1.9021368764746427,1.7515702874449328,0.320704389727145,-0.2690624282473337,0
-1.4811374955940926,-2.4919000196092926,2.630634753510426,-0.794343651366956,3.716609585790094,1
-0.8389292444293508,-1.514490086543864,0.953305331655894,0.4986908021464857,-0.2690624282473337,0
-0.3971441983916957,-0.4107800188918247,-0.4085616314982901,0.7883023964223728,-0.2690624282473337,0
-0.1470282123609192,0.2541174963451026,-1.351190998339909,-1.4851968177014574,-0.2690624282473337,0
-1.6920853824367688,0.5200887756771434,-0.476684216320902,-2.0637773521450136,-0.2690624282473337,0
-1.0139562388297094,-0.367041269571945,-0.0021904789417039,0.3405499322630157,-0.2690624282473337,0
-1.0712619427260135,-1.494017644931496,1.1101432826673423,0.2617912325230283,-0.2690624282473337,0
-1.1922328859510172,-2.085553589005102,1.7034511282928793,-0.453257381393268,-0.2690624282473337,0
-0.4055863069656878,-1.0830857965140437,0.1873278231941458,0.7994673125711177,-0.2690624282473337,0
0.0540613462864738,-0.1550500742148305,-0.8380817513011284,0.6072173360976609,-0.2690624282473337,0
0.0596591351670762,0.3384278179227655,-1.4193251391565536,-1.5472081432183271,-0.2690624282473337,0
-2.057129704756702,0.908093535028288,-0.3014260108213716,-3.0672289869396523,3.716609585790094,1
-1.406640080528897,-0.2471129906678514,0.2154320006816084,0.3411686067403301,-0.2690624282473337,0
-1.1260867289536365,-1.296486709540886,1.0410384383519533,0.7411728298443155,-0.2690624282473337,0
-0.7971729540902754,-1.47709080519704,0.8424140129183567,0.2965185339977115,-0.2690624282473337,0
-0.050657839083547,-0.2957900133724964,-0.7321363980095752,0.7951269993775549,-0.2690624282473337,0
0.3125659788626074,0.3789806394013866,-1.4133853582237594,-0.6858118418969819,-0.2690624282473337,0
-0.0618534168447519,0.5246741934904049,-1.5171581846371698,-2.5047148052015493,-0.2690624282473337,0
-2.435242522965184,1.3112523331749326,-0.3853918634627792,-2.779473416095709,3.716609585790094,1
-1.577194434625154,0.0999690454702937,-0.1428015031324718,0.0310832035988964,-0.2690624282473337,0
-1.0516941413955685,-0.6160720722392301,0.0205748293026633,0.7176056485921964,-0.2690624282473337,0
-0.6244871073490951,-0.6520565220674642,-0.3626173104231858,0.5030311153400485,-0.2690624282473337,0
-0.0723466503082032,0.0304888855935137,-1.101465967293829,0.2413222195836624,-0.2690624282473337,0
0.0612944442782634,0.3013865059963074,-1.2690047687795332,-0.4327787766015407,-0.2690624282473337,0
-0.4277887729752681,0.2544754657654688,-1.1323666953371985,-1.14535748853476,-0.2690624282473337,0
-1.596936948467478,0.3207850393475773,-0.4776734094100988,-1.44428756737981,-0.2690624282473337,0
-2.6164543402860576,1.2428290353963762,-0.266769584717383,-1.6855226542706494,-0.2690624282473337,0
-1.884094432991764,0.2834028041636277,-0.1354726917169501,-0.1568211841621987,-0.2690624282473337,0
-1.3913003219859228,-0.2735686354491965,-0.1748832537659807,0.4186899575256885,-0.2690624282473337,0
-0.8777503645688594,-0.296495724515504,-0.5590738313762529,0.162563519843675,-0.2690624282473337,0
-0.4658062155601334,0.15323830445335,-1.0531619122372526,-0.0166842211611981,-0.2690624282473337,0
-0.5380742989737534,0.0678711207774633,-0.9099831461724244,-0.1326497162113074,-0.2690624282473337,0
-1.0103921035873784,-0.0478211866522975,-0.5313417568966424,-0.1493874985820635,-0.2690624282473337,0
-1.396576639844668,-0.0023079317771743,-0.2836020456253756,-0.6101321267650247,-0.2690624282473337,0
-0.9528418021744436,-0.4714507217950228,0.3015934921892241,0.5817907742652719,-0.2690624282473337,0
-1.4155504186347247,-1.3437557191920908,2.005663484235363,0.1631821943209895,-0.2690624282473337,0
-1.9265146308759795,-1.209721740509284,2.083088644254277,0.1445787966659286,3.716609585790094,1
-1.5256542436208558,0.3687529416766398,-0.3814304687083786,-0.4538808517967632,-0.2690624282473337,0
-0.5508283123409186,-0.0107798747258395,-0.6404511413543416,-0.1016200738219688,-0.2690624282473337,0
-1.0139911813320852,-1.1021434066078222,1.1648031344418894,0.533418583213787,-0.2690624282473337,0
-1.7203189243564114,-2.5465841101109388,3.621607465788333,-0.8948183048532995,3.716609585790094,1
-1.6218858951637962,-1.7201179492998986,2.476570241066819,-0.207658001677962,3.716609585790094,1
-1.336824960782058,-0.446053643728189,0.2586051943876777,0.9048913618759772,-0.2690624282473337,0
-1.0071424508664295,0.2886871146547468,-0.654110326300962,-0.827819216108468,-0.2690624282473337,0
-0.4272296929372555,-0.3031965711415005,-0.333902283091156,0.3907824630800067,-0.2690624282473337,0
-1.102116172323841,-1.489091303860743,1.4145281654879696,0.8434987108364218,-0.2690624282473337,0
-1.7467354561525126,-2.470745731481941,3.242177957719522,-0.1580681249691891,3.716609585790094,1
-1.5148220678843594,-1.6605075177274993,1.9430762205544023,0.7883023964223728,-0.2690624282473337,0
-1.0322661100746262,-0.3642201296162024,0.0172004790451226,1.1393258254425382,-0.2690624282473337,0
-0.9123434419208968,0.1895636775390757,-0.8844443993602155,-0.6020749707813943,-0.2690624282473337,0
-0.8187674205585168,0.2724591675981486,-0.7390699944291795,-1.2854944515357605,-0.2690624282473337,0
-0.3725621479703237,-0.2301810370845331,-0.4158881317150052,0.2419456899871576,-0.2690624282473337,0
-0.798256171663925,-1.3994966717919608,0.9792600942532792,0.6543473822683362,-0.2690624282473337,0
-1.204043451754036,-1.8862668988384104,1.886636745698824,0.2103165568252274,-0.2690624282473337,0
-0.8237292558958799,-1.3755127206274298,0.9689521475761343,0.7932661800194308,-0.2690624282473337,0
-0.5069405293569197,-0.3109575186366672,-0.3836076179841344,0.7796217700352471,-0.2690624282473337,0
-0.4626823558477373,0.2297755757602053,-1.1767186004346006,-1.0194644262905346,-0.2690624282473337,0
-2.4797942134943223,0.8325960796567821,-0.1681484204437385,-3.0789790060824465,3.716609585790094,1
-1.0455093184750526,0.2047347624974502,-0.5190623576375233,-0.8954417752567948,-0.2690624282473337,0
-0.658136737136986,-0.5695190014287576,0.1619739722864595,0.762255721334815,-0.2690624282473337,0
-1.013746583815455,-1.8665103960667744,1.7214784789838502,0.1433414477112996,-0.2690624282473337,0
-1.5328873416126454,-2.5208273580074514,2.6916504020029435,-1.02814505267766,3.716609585790094,1
-0.8979820734444448,-1.5010747563615712,0.9673805323876906,0.3343487997113287,-0.2690624282473337,0
-0.4154750351380379,-0.3815032341547371,-0.4255905443048382,0.6723321054460827,-0.2690624282473337,0
-0.1807533179539418,0.312313096398912,-1.3763368413550072,-1.4790100729283129,-0.2690624282473337,0
-1.6349893335547192,0.5126736948267019,-0.4404446190344371,-1.99126294829234,-0.2690624282473337,0
-0.9830321242271308,-0.3998466100240704,0.0643489346984316,0.3541943422471993,-0.2690624282473337,0
-1.0477106961247278,-1.5804416907056065,1.2739148300983951,0.2400848706290335,-0.2690624282473337,0
-1.23849675909657,-2.1084806780714094,1.7468323298915365,-0.5630361316702324,-0.2690624282473337,0
-0.469583500066957,-1.0901429079441192,0.1819658419629852,0.8038076257646806,-0.2690624282473337,0
0.0407202988793952,-0.1547006278759017,-0.8519489441403371,0.5576046307802677,-0.2690624282473337,0
0.0326975003339125,0.3384278179227655,-1.4399179205227783,-1.5217897344604454,-0.2690624282473337,0
-2.008140316425837,0.934549179809633,-0.3198418740317212,-2.987856408648532,3.716609585790094,1
-1.3281941626952367,-0.2647489507778899,0.2851377566866966,0.3789988724539472,-0.2690624282473337,0
-1.1309437367838722,-1.299316372578066,1.0491507461628904,0.780859118989876,-0.2690624282473337,0
-0.8540244054556944,-1.4516920225139187,0.7885399687380314,0.3591533299180766,-0.2690624282473337,0
-0.1018765590659878,-0.3053137045705232,-0.7155188785905904,0.8459782046718605,-0.2690624282473337,0
0.2663370482194302,0.3691109110970059,-1.4276454548600783,-0.6926220570736217,-0.2690624282473337,0
-0.0526181134668292,0.5073893843355828,-1.5167421688519935,-2.428459578927905,-0.2690624282473337,0
-2.400719330617897,1.2992688806741042,-0.3214262008136007,-2.725519246562469,3.716609585790094,1
-1.5511273278528104,0.1214983491808857,-0.1814170127920545,0.0044178540340243,-0.2690624282473337,0
-1.0848895186525738,-0.5991452325047741,-0.0112966022394508,0.6394656233295236,-0.2690624282473337,0
-0.6482480089646359,-0.6876830024753323,-0.3507354373587906,0.4683038138653652,-0.2690624282473337,0
-0.1172198118591995,0.0110903522422439,-1.1048403175513697,0.2475281480615301,-0.2690624282473337,0
0.0272394814628133,0.2957442260848222,-1.2684269690778995,-0.3943154486320668,-0.2690624282473337,0
-0.4241058332248593,0.2643451940698494,-1.1218738527555308,-1.08334616301789,-0.2690624282473337,0
-1.5429158397944986,0.3020853986741652,-0.4653963213497862,-1.3642435594233864,-0.2690624282473337,0
-2.6144626176506374,1.2586990130326086,-0.288353870371611,-1.6166531543153322,-0.2690624282473337,0
-1.883570295456127,0.2371906566106467,-0.0810254702326044,-0.1320262458078122,-0.2690624282473337,0
-1.4113573183496295,-0.2862663221744697,-0.1620098764135822,0.4007052343479421,-0.2690624282473337,0
-0.9131121769731644,-0.3042551378560119,-0.5685728584711107,0.1470582905013672,-0.2690624282473337,0
-0.4914610008044423,0.1341977405224463,-1.048400842695791,-0.0687679794839519,-0.2690624282473337,0
-0.5332172911435178,0.0495294495244174,-0.9244281387132668,-0.0514067267097007,-0.2690624282473337,0
-0.969125008281564,-0.0802770807654941,-0.5164876821670435,-0.056346530675855,-0.2690624282473337,0
-1.4571669389642972,-0.0009101464214589,-0.3348924006598754,-0.6430321803648489,-0.2690624282473337,0
-1.0546293115951353,-0.4883826753783411,0.2990049495259052,0.4807060789687392,-0.2690624282473337,0
-1.528903896341805,-1.3620973904451366,2.0066341877341083,0.0738628651310294,-0.2690624282473337,0
-2.0057292837619074,-1.2026646290792085,2.061502047401243,0.0242729884222564,3.716609585790094,1
-1.5168836755245312,0.3631106617651545,-0.3964809953365329,-0.4867329461347802,-0.2690624282473337,0
-0.5836043795694146,-0.027365791202804,-0.6687864387224577,-0.1196047969997153,-0.2690624282473337,0
-1.0784600982154275,-1.0781594554432907,1.0560843425824944,0.4937270185494276,-0.2690624282473337,0
-1.7749340555697797,-2.498957131039368,3.5368326935646377,-0.9822480391280513,3.716609585790094,1
-1.65434747987091,-1.6658088743814932,2.40945302772505,-0.3496653758894482,3.716609585790094,1
-1.324874624969536,-0.4114857300348323,0.2817865184172212,0.8180707102261787,-0.2690624282473337,0
-0.5467050970605748,0.2431909059424981,-0.6376777027864999,-0.378201136664806,-0.2690624282473337,0
0.0396964835597844,-0.3783292386274907,-0.284394786816017,0.7746579864381892,-0.2690624282473337,0
-0.6826314313024184,-1.5730436560180396,1.4987020260219654,1.1498768630401492,-0.2690624282473337,0
-1.38085251377556,-2.467558099024396,3.17721015926783,0.1997751110799777,3.716609585790094,1
-1.1865023155613867,-1.735647003678639,2.0456472235884147,1.1182237502473156,-0.2690624282473337,0
-0.7158617510617997,-0.3917326364957713,0.0477083032913814,1.4766712729952547,-0.2690624282473337,0
-0.5983850580743759,0.1549940592294315,-0.8874027338325801,-0.3441021015197987,-0.2690624282473337,0
-0.3279685264383337,0.1962798657116595,-0.7509495562947682,-0.7986599849296151,-0.2690624282473337,0
0.0761275365367885,-0.3331795784064821,-0.3701425737372629,0.6729555758495779,-0.2690624282473337,0
-0.4075920066020585,-1.477448774617406,1.0232190955535705,0.8596226146560441,-0.2690624282473337,0
-0.8534303829153058,-1.9448204683125856,1.9109967811197,0.4986908021464857,-0.2690624282473337,0
-0.4958462848526047,-1.4192361284007222,0.9681663399819124,1.0555889543269503,-0.2690624282473337,0
-0.1646137255315857,-0.3550492939896794,-0.3529125866345463,1.1455125702156828,-0.2690624282473337,0
-0.1339205808697109,0.1740516693232097,-1.14641878408093,-0.7217812882524749,-0.2690624282473337,0
-2.086341636742868,0.7528882220552553,-0.1192342089022369,-2.616363966689,3.716609585790094,1
-0.6080291887300955,0.1303112153870426,-0.5210430550147235,-0.4141705830202991,-0.2690624282473337,0
-0.2397596734408761,-0.6294703562586484,0.1667350418279211,1.1560636078132942,-0.2690624282473337,0
-0.6438452536652857,-1.9737478067107448,1.8608899909940264,0.3932619569154454,-0.2690624282473337,0
-1.192582310974775,-2.5903245640471058,2.787102912712829,-0.6994322722502618,3.716609585790094,1
-0.5403106191258042,-1.5614011267747028,1.063225946894687,0.7374511911280671,-0.2690624282473337,0
-0.0773853591507929,-0.4143085746068624,-0.4200459783679613,1.1368319438285577,-0.2690624282473337,0
0.1601363007486756,0.249174109111475,-1.3664449104630385,-1.212308618017784,-0.2690624282473337,0
-1.1557878559730626,0.4449492897260035,-0.4610397115994682,-1.483949876894467,-0.2690624282473337,0
-0.5343005087171674,-0.3786820941989944,-0.03052577630982,0.7585340826185668,-0.2690624282473337,0
-0.703701760235023,-1.560344264676479,1.187984458471433,0.4993094766238001,-0.2690624282473337,0
-0.8736620917908914,-2.177977884111064,1.867222675723932,-0.1164874449822392,-0.2690624282473337,0
-0.0737932699065611,-1.0950862951777467,0.1631526836777923,1.253420909282162,-0.2690624282473337,0
0.3966725820811467,-0.1772714521381304,-0.8614710832232602,0.9557473630964636,-0.2690624282473337,0
0.3863296013779113,0.3225578402865333,-1.4624983328626229,-1.2371515156339778,-0.2690624282473337,0
-1.60514843652579,0.8886950016770182,-0.3459822258932712,-2.5171362540096465,-0.2690624282473337,0
-0.9463424967325456,-0.3423507549562626,0.3233649849467814,0.7938848544967453,-0.2690624282473337,0
-0.7665283795067029,-1.318016013251478,1.0299446840805866,1.1417717477947118,-0.2690624282473337,0
-0.4909473460195181,-1.469692770509473,0.8255884856067834,0.718224323069511,-0.2690624282473337,0
0.3142432189766456,-0.2852077554599584,-0.7608645991748023,1.1963493877314464,-0.2690624282473337,0
0.6227156299501665,0.3726394668120437,-1.4369364740623485,-0.4520104405862777,-0.2690624282473337,0
0.2835287593883215,0.5052586139762605,-1.548428704489585,-2.2566695031340704,-0.2690624282473337,0
-2.037666730933384,1.229430751376958,-0.4236121581264444,-2.2777715783292924,-0.2690624282473337,0
-1.1965657562456158,0.0742293395296809,-0.2049819958234828,0.367838752231383,-0.2690624282473337,0
-0.7096419856389081,-0.6929673129664515,0.0680930767650179,0.9929541584065854,-0.2690624282473337,0
-0.2322505296803176,-0.7010812864947507,-0.3487547399815903,0.831096445733048,-0.2690624282473337,0
0.3048786283399324,-0.0012510696789504,-1.0919669401989711,0.5917130659405893,-0.2690624282473337,0
0.3647351349096698,0.2590608835787302,-1.2583270302933427,-0.1233456194206865,-0.2690624282473337,0
-0.115263031726155,0.2237923725912284,-1.1194933179848,-0.8042712185610719,-0.2690624282473337,0
-1.3411578310766563,0.2467194616575357,-0.4931214622329771,-1.1292431765674988,-0.2690624282473337,0
-2.309344686905193,1.159234652659446,-0.3766763327633367,-1.1825738756972433,-0.2690624282473337,0
-1.5809332823793638,0.1729948072249859,-0.1255715160297552,0.2469046776580349,-0.2690624282473337,0
-1.0607442495108994,-0.392085492067275,-0.1107197524989629,0.766596034528378,-0.2690624282473337,0
-0.5092467345137222,-0.3578704339454221,-0.5360935816428779,0.5619457113220194,-0.2690624282473337,0
-0.1326612530840872,0.099270152792436,-1.0062214644765315,0.2624099070003428,-0.2690624282473337,0
-0.2422336026090824,0.0047321334900264,-0.897502672617137,0.1743471104697345,-0.2690624282473337,0
-0.7054838278561886,-0.1441149607307887,-0.4913372167543323,0.1582232066501122,-0.2690624282473337,0
-0.9129025219589094,-0.053821435984149,-0.3162773121124026,-0.2442509184369502,-0.2690624282473337,0
-0.5634425556985807,-0.5681041699101675,0.3491117396515786,0.8776073378337906,-0.2690624282473337,0
-1.1478209654313811,-1.4555785476493226,2.096562933296376,0.3585346554407622,3.716609585790094,1
-1.7297883425002518,-1.3162432123125218,2.1894269013429417,0.3070599797429613,3.716609585790094,1
-0.9978826877368436,0.3126710658192781,-0.4196507633720439,-0.0607108235003215,-0.2690624282473337,0
-0.0138529013311219,-0.095431119560994,-0.6618528423028534,0.2921782208041487,-0.2690624282473337,0
-0.6410149109728462,-1.1568104509465935,1.170350011577573,0.724425455621198,-0.2690624282473337,0
-1.466217047079628,-2.6195928257027563,3.739432380945474,-0.7713711649612477,3.716609585790094,1
-1.401014337646394,-1.7543466443520512,2.537562777571272,-0.0544761194653694,3.716609585790094,1
-1.0439718483705176,-0.4375885192446736,0.2936660802828099,1.1337145918110814,-0.2690624282473337,0
